<SMALLFACE>
	<FACE>
		<uiIndex>0</uiIndex>
		<Name>Miguel</Name>
		<FaceIndex>57</FaceIndex>
		<EyesX>9</EyesX>
		<EyesY>8</EyesY>
		<MouthX>8</MouthX>
		<MouthY>24</MouthY>
	</FACE>
	<FACE>
		<uiIndex>1</uiIndex>
		<Name>Carlos</Name>
		<FaceIndex>58</FaceIndex>
		<EyesX>8</EyesX>
		<EyesY>8</EyesY>
		<MouthX>7</MouthX>
		<MouthY>24</MouthY>
	</FACE>
	<FACE>
		<uiIndex>2</uiIndex>
		<Name>Ira</Name>
		<FaceIndex>59</FaceIndex>
		<EyesX>10</EyesX>
		<EyesY>8</EyesY>
		<MouthX>8</MouthX>
		<MouthY>26</MouthY>
	</FACE>
	<FACE>
		<uiIndex>3</uiIndex>
		<Name>Dimitri</Name>
		<FaceIndex>60</FaceIndex>
		<EyesX>7</EyesX>
		<EyesY>8</EyesY>
		<MouthX>7</MouthX>
		<MouthY>26</MouthY>
	</FACE>
	<FACE>
		<uiIndex>4</uiIndex>
		<Name>Devin</Name>
		<FaceIndex>61</FaceIndex>
		<EyesX>6</EyesX>
		<EyesY>7</EyesY>
		<MouthX>7</MouthX>
		<MouthY>23</MouthY>
	</FACE>
	<FACE>
		<uiIndex>5</uiIndex>
		<Name>Robot</Name>
		<FaceIndex>62</FaceIndex>
		<EyesX>0</EyesX>
		<EyesY>0</EyesY>
		<MouthX>0</MouthX>
		<MouthY>0</MouthY>
	</FACE>
	<FACE>
		<uiIndex>6</uiIndex>
		<Name>Hamous</Name>
		<FaceIndex>63</FaceIndex>
		<EyesX>8</EyesX>
		<EyesY>7</EyesY>
		<MouthX>8</MouthX>
		<MouthY>23</MouthY>
	</FACE>
	<FACE>
		<uiIndex>7</uiIndex>
		<Name>Terry</Name>
		<FaceIndex>64</FaceIndex>
		<EyesX>8</EyesX>
		<EyesY>8</EyesY>
		<MouthX>8</MouthX>
		<MouthY>22</MouthY>
	</FACE>
	<FACE>
		<uiIndex>8</uiIndex>
		<Name>RPC65</Name>
		<FaceIndex>65</FaceIndex>
		<EyesX>0</EyesX>
		<EyesY>0</EyesY>
		<MouthX>0</MouthX>
		<MouthY>0</MouthY>
	</FACE>
	<FACE>
		<uiIndex>9</uiIndex>
		<Name>Dynamo</Name>
		<FaceIndex>66</FaceIndex>
		<EyesX>9</EyesX>
		<EyesY>4</EyesY>
		<MouthX>7</MouthX>
		<MouthY>22</MouthY>
	</FACE>
	<FACE>
		<uiIndex>10</uiIndex>
		<Name>Shank</Name>
		<FaceIndex>67</FaceIndex>
		<EyesX>8</EyesX>
		<EyesY>8</EyesY>
		<MouthX>8</MouthX>
		<MouthY>25</MouthY>
	</FACE>
	<FACE>
		<uiIndex>11</uiIndex>
		<Name>Iggy</Name>
		<FaceIndex>68</FaceIndex>
		<EyesX>4</EyesX>
		<EyesY>6</EyesY>
		<MouthX>5</MouthX>
		<MouthY>22</MouthY>
	</FACE>
	<FACE>
		<uiIndex>12</uiIndex>
		<Name>Vince</Name>
		<FaceIndex>69</FaceIndex>
		<EyesX>8</EyesX>
		<EyesY>9</EyesY>
		<MouthX>7</MouthX>
		<MouthY>25</MouthY>
	</FACE>
	<FACE>
		<uiIndex>13</uiIndex>
		<Name>Conrad</Name>
		<FaceIndex>70</FaceIndex>
		<EyesX>4</EyesX>
		<EyesY>7</EyesY>
		<MouthX>5</MouthX>
		<MouthY>25</MouthY>
	</FACE>
	<FACE>
		<uiIndex>14</uiIndex>
		<Name>RPC71</Name>
		<FaceIndex>71</FaceIndex>
		<EyesX>9</EyesX>
		<EyesY>7</EyesY>
		<MouthX>8</MouthX>
		<MouthY>22</MouthY>
	</FACE>
	<FACE>
		<uiIndex>15</uiIndex>
		<Name>Maddog</Name>
		<FaceIndex>72</FaceIndex>
		<EyesX>9</EyesX>
		<EyesY>7</EyesY>
		<MouthX>9</MouthX>
		<MouthY>25</MouthY>
	</FACE>
	<FACE>
		<uiIndex>16</uiIndex>
		<Name>Darrel</Name>
		<FaceIndex>73</FaceIndex>
		<EyesX>0</EyesX>
		<EyesY>0</EyesY>
		<MouthX>0</MouthX>
		<MouthY>0</MouthY>
	</FACE>
	<FACE>
		<uiIndex>17</uiIndex>
		<Name>Perko</Name>
		<FaceIndex>74</FaceIndex>
		<EyesX>0</EyesX>
		<EyesY>0</EyesY>
		<MouthX>0</MouthX>
		<MouthY>0</MouthY>
	</FACE>
	<FACE>
		<uiIndex>18</uiIndex>
		<Name>Maria</Name>
		<FaceIndex>88</FaceIndex>
		<EyesX>9</EyesX>
		<EyesY>3</EyesY>
		<MouthX>8</MouthX>
		<MouthY>23</MouthY>
	</FACE>
	<FACE>
		<uiIndex>19</uiIndex>
		<Name>Joey</Name>
		<FaceIndex>90</FaceIndex>
		<EyesX>9</EyesX>
		<EyesY>3</EyesY>
		<MouthX>8</MouthX>
		<MouthY>25</MouthY>
	</FACE>
	<FACE>
		<uiIndex>20</uiIndex>
		<Name>Skyrider</Name>
		<FaceIndex>97</FaceIndex>
		<EyesX>11</EyesX>
		<EyesY>7</EyesY>
		<MouthX>9</MouthX>
		<MouthY>24</MouthY>
	</FACE>
	<FACE>
		<uiIndex>21</uiIndex>
		<Name>Fred</Name>
		<FaceIndex>106</FaceIndex>
		<EyesX>9</EyesX>
		<EyesY>5</EyesY>
		<MouthX>7</MouthX>
		<MouthY>23</MouthY>
	</FACE>
	<FACE>
		<uiIndex>22</uiIndex>
		<Name>John</Name>
		<FaceIndex>118</FaceIndex>
		<EyesX>6</EyesX>
		<EyesY>4</EyesY>
		<MouthX>6</MouthX>
		<MouthY>24</MouthY>
	</FACE>
	<FACE>
		<uiIndex>23</uiIndex>
		<Name>Mary</Name>
		<FaceIndex>119</FaceIndex>
		<EyesX>12</EyesX>
		<EyesY>4</EyesY>
		<MouthX>10</MouthX>
		<MouthY>24</MouthY>
	</FACE>
	<FACE>
		<uiIndex>24</uiIndex>
		<Name>Matt</Name>
		<FaceIndex>148</FaceIndex>
		<EyesX>8</EyesX>
		<EyesY>6</EyesY>
		<MouthX>8</MouthX>
		<MouthY>23</MouthY>
	</FACE>
	<FACE>
		<uiIndex>25</uiIndex>
		<Name>Oswald</Name>
		<FaceIndex>156</FaceIndex>
		<EyesX>6</EyesX>
		<EyesY>5</EyesY>
		<MouthX>6</MouthX>
		<MouthY>23</MouthY>
	</FACE>
	<FACE>
		<uiIndex>26</uiIndex>
		<Name>Calvin </Name>
		<FaceIndex>157</FaceIndex>
		<EyesX>13</EyesX>
		<EyesY>7</EyesY>
		<MouthX>11</MouthX>
		<MouthY>24</MouthY>
	</FACE>
	<FACE>
		<uiIndex>27</uiIndex>
		<Name>Carl</Name>
		<FaceIndex>158</FaceIndex>
		<EyesX>9</EyesX>
		<EyesY>7</EyesY>
		<MouthX>8</MouthX>
		<MouthY>22</MouthY>
	</FACE>
	<FACE>
		<uiIndex>28</uiIndex>
		<Name>Manuel</Name>
		<FaceIndex>229</FaceIndex>
		<EyesX>14</EyesX>
		<EyesY>2</EyesY>
		<MouthX>13</MouthX>
		<MouthY>22</MouthY>
	</FACE>
	<FACE>
		<uiIndex>29</uiIndex>
		<Name>Lena</Name>
		<FaceIndex>218</FaceIndex>
		<EyesX>9</EyesX>
		<EyesY>3</EyesY>
		<MouthX>8</MouthX>
		<MouthY>23</MouthY>
	</FACE>
	<FACE>
		<uiIndex>30</uiIndex>
		<Name>Waldo</Name>
		<FaceIndex>138</FaceIndex>
		<EyesX>9</EyesX>
		<EyesY>9</EyesY>
		<MouthX>9</MouthX>
		<MouthY>27</MouthY>
	</FACE>
</SMALLFACE>
