﻿<?xml version="1.0" encoding="utf-8"?>
<SECTOR_NAMES>
  <SECTOR>
    <SectorGrid>A1</SectorGrid>
    <szUnexploredName>Tropical</szUnexploredName>
    <szDetailedUnexploredName>Tropical</szDetailedUnexploredName>
    <szExploredName>Tropical</szExploredName>
    <szDetailedExploredName>Tropical</szDetailedExploredName>
    <sWaterType>2</sWaterType>
    <usNaturalDirt>300</usNaturalDirt>
  </SECTOR>
  <SECTOR>
    <SectorGrid>A2</SectorGrid>
    <szUnexploredName>Chitzena</szUnexploredName>
    <szDetailedUnexploredName>Chitzena</szDetailedUnexploredName>
    <szExploredName>Chitzena</szExploredName>
    <szDetailedExploredName>Chitzena</szDetailedExploredName>
    <sWaterType>1</sWaterType>
    <usNaturalDirt>250</usNaturalDirt>
  </SECTOR>
  <SECTOR>
    <SectorGrid>A3</SectorGrid>
    <szUnexploredName>Plains</szUnexploredName>
    <szDetailedUnexploredName>Plains</szDetailedUnexploredName>
    <szExploredName>Plains</szExploredName>
    <szDetailedExploredName>Plains</szDetailedExploredName>
    <sWaterType>0</sWaterType>
    <usNaturalDirt>200</usNaturalDirt>
  </SECTOR>
  <SECTOR>
    <SectorGrid>A4</SectorGrid>
    <szUnexploredName>Unknown</szUnexploredName>
    <szDetailedUnexploredName>Unknown</szDetailedUnexploredName>
    <szExploredName>Unknown</szExploredName>
    <szDetailedExploredName>Unknown</szDetailedExploredName>
    <sWaterType>0</sWaterType>
    <usNaturalDirt>200</usNaturalDirt>
  </SECTOR>
  <SECTOR>
    <SectorGrid>A5</SectorGrid>
    <szUnexploredName>Unknown</szUnexploredName>
    <szDetailedUnexploredName>Unknown</szDetailedUnexploredName>
    <szExploredName>Unknown</szExploredName>
    <szDetailedExploredName>Unknown</szDetailedExploredName>
    <sWaterType>0</sWaterType>
    <usNaturalDirt>200</usNaturalDirt>
  </SECTOR>
  <SECTOR>
    <SectorGrid>A6</SectorGrid>
    <szUnexploredName>Hills</szUnexploredName>
    <szDetailedUnexploredName>Hills</szDetailedUnexploredName>
    <szExploredName>Hills</szExploredName>
    <szDetailedExploredName>Hills</szDetailedExploredName>
    <sWaterType>0</sWaterType>
    <usNaturalDirt>225</usNaturalDirt>
  </SECTOR>
  <SECTOR>
    <SectorGrid>A7</SectorGrid>
    <szUnexploredName>Hills</szUnexploredName>
    <szDetailedUnexploredName>Hills</szDetailedUnexploredName>
    <szExploredName>Hills</szExploredName>
    <szDetailedExploredName>Hills</szDetailedExploredName>
    <sWaterType>0</sWaterType>
    <usNaturalDirt>225</usNaturalDirt>
  </SECTOR>
  <SECTOR>
    <SectorGrid>A8</SectorGrid>
    <szUnexploredName>Hills</szUnexploredName>
    <szDetailedUnexploredName>Hills</szDetailedUnexploredName>
    <szExploredName>Hills</szExploredName>
    <szDetailedExploredName>Hills</szDetailedExploredName>
    <sWaterType>0</sWaterType>
    <usNaturalDirt>225</usNaturalDirt>
  </SECTOR>
  <SECTOR>
    <SectorGrid>A9</SectorGrid>
    <szUnexploredName>Omerta</szUnexploredName>
    <szDetailedUnexploredName>Omerta</szDetailedUnexploredName>
    <szExploredName>Omerta</szExploredName>
    <szDetailedExploredName>Omerta</szDetailedExploredName>
    <sWaterType>0</sWaterType>
    <usNaturalDirt>150</usNaturalDirt>
    <usCurfewValue>2</usCurfewValue>
  </SECTOR>
  <SECTOR>
    <SectorGrid>A10</SectorGrid>
    <szUnexploredName>Omerta</szUnexploredName>
    <szDetailedUnexploredName>Omerta</szDetailedUnexploredName>
    <szExploredName>Omerta</szExploredName>
    <szDetailedExploredName>Omerta</szDetailedExploredName>
    <sWaterType>0</sWaterType>
    <usNaturalDirt>150</usNaturalDirt>
    <usCurfewValue>2</usCurfewValue>
  </SECTOR>
  <SECTOR>
    <SectorGrid>A11</SectorGrid>
    <szUnexploredName>Farmland</szUnexploredName>
    <szDetailedUnexploredName>Farmland</szDetailedUnexploredName>
    <szExploredName>Farmland</szExploredName>
    <szDetailedExploredName>Farmland</szDetailedExploredName>
    <sWaterType>0</sWaterType>
    <usNaturalDirt>160</usNaturalDirt>
  </SECTOR>
  <SECTOR>
    <SectorGrid>A12</SectorGrid>
    <szUnexploredName>Forest</szUnexploredName>
    <szDetailedUnexploredName>Forest</szDetailedUnexploredName>
    <szExploredName>Forest</szExploredName>
    <szDetailedExploredName>Forest</szDetailedExploredName>
    <sWaterType>0</sWaterType>
    <usNaturalDirt>210</usNaturalDirt>
  </SECTOR>
  <SECTOR>
    <SectorGrid>A13</SectorGrid>
    <szUnexploredName>Woods</szUnexploredName>
    <szDetailedUnexploredName>Woods</szDetailedUnexploredName>
    <szExploredName>Woods</szExploredName>
    <szDetailedExploredName>Woods</szDetailedExploredName>
    <sWaterType>0</sWaterType>
    <usNaturalDirt>200</usNaturalDirt>
  </SECTOR>
  <SECTOR>
    <SectorGrid>A14</SectorGrid>
    <szUnexploredName>Plains</szUnexploredName>
    <szDetailedUnexploredName>Plains</szDetailedUnexploredName>
    <szExploredName>Plains</szExploredName>
    <szDetailedExploredName>Plains</szDetailedExploredName>
    <sWaterType>0</sWaterType>
    <usNaturalDirt>225</usNaturalDirt>
  </SECTOR>
  <SECTOR>
    <SectorGrid>A15</SectorGrid>
    <szUnexploredName>Forest</szUnexploredName>
    <szDetailedUnexploredName>Forest</szDetailedUnexploredName>
    <szExploredName>Forest</szExploredName>
    <szDetailedExploredName>Forest</szDetailedExploredName>
    <sWaterType>0</sWaterType>
    <usNaturalDirt>210</usNaturalDirt>
  </SECTOR>
  <SECTOR>
    <SectorGrid>A16</SectorGrid>
    <szUnexploredName>Unknown</szUnexploredName>
    <szDetailedUnexploredName>Unknown</szDetailedUnexploredName>
    <szExploredName>Unknown</szExploredName>
    <szDetailedExploredName>Unknown</szDetailedExploredName>
    <sWaterType>0</sWaterType>
    <usNaturalDirt>200</usNaturalDirt>
  </SECTOR>
  <SECTOR>
    <SectorGrid>B1</SectorGrid>
    <szUnexploredName>Tropical</szUnexploredName>
    <szDetailedUnexploredName>Tropical</szDetailedUnexploredName>
    <szExploredName>Tropical</szExploredName>
    <szDetailedExploredName>Tropical</szDetailedExploredName>
    <sWaterType>2</sWaterType>
    <usNaturalDirt>300</usNaturalDirt>
  </SECTOR>
  <SECTOR>
    <SectorGrid>B2</SectorGrid>
    <szUnexploredName>Chitzena Mine</szUnexploredName>
    <szDetailedUnexploredName>Chitzena Mine</szDetailedUnexploredName>
    <szExploredName>Chitzena Mine</szExploredName>
    <szDetailedExploredName>Chitzena Mine</szDetailedExploredName>
    <sWaterType>1</sWaterType>
    <usNaturalDirt>250</usNaturalDirt>
    <usPrisonRoomNumber00>3</usPrisonRoomNumber00>
  </SECTOR>
  <SECTOR>
    <SectorGrid>B3</SectorGrid>
    <szUnexploredName>Woods</szUnexploredName>
    <szDetailedUnexploredName>Woods</szDetailedUnexploredName>
    <szExploredName>Woods</szExploredName>
    <szDetailedExploredName>Woods</szDetailedExploredName>
    <sWaterType>0</sWaterType>
    <usNaturalDirt>200</usNaturalDirt>
  </SECTOR>
  <SECTOR>
    <SectorGrid>B4</SectorGrid>
    <szUnexploredName>Woods</szUnexploredName>
    <szDetailedUnexploredName>Woods</szDetailedUnexploredName>
    <szExploredName>Woods</szExploredName>
    <szDetailedExploredName>Woods</szDetailedExploredName>
    <sWaterType>0</sWaterType>
    <usNaturalDirt>200</usNaturalDirt>
  </SECTOR>
  <SECTOR>
    <SectorGrid>B5</SectorGrid>
    <szUnexploredName>Farmland</szUnexploredName>
    <szDetailedUnexploredName>Farmland</szDetailedUnexploredName>
    <szExploredName>Farmland</szExploredName>
    <szDetailedExploredName>Farmland</szDetailedExploredName>
    <sWaterType>0</sWaterType>
    <usNaturalDirt>160</usNaturalDirt>
  </SECTOR>
  <SECTOR>
    <SectorGrid>B6</SectorGrid>
    <szUnexploredName>Farmland</szUnexploredName>
    <szDetailedUnexploredName>Farmland</szDetailedUnexploredName>
    <szExploredName>Farmland</szExploredName>
    <szDetailedExploredName>Farmland</szDetailedExploredName>
    <sWaterType>0</sWaterType>
    <usNaturalDirt>160</usNaturalDirt>
  </SECTOR>
  <SECTOR>
    <SectorGrid>B7</SectorGrid>
    <szUnexploredName>Plains</szUnexploredName>
    <szDetailedUnexploredName>Plains</szDetailedUnexploredName>
    <szExploredName>Plains</szExploredName>
    <szDetailedExploredName>Plains</szDetailedExploredName>
    <sWaterType>0</sWaterType>
    <usNaturalDirt>200</usNaturalDirt>
  </SECTOR>
  <SECTOR>
    <SectorGrid>B8</SectorGrid>
    <szUnexploredName>Farmland</szUnexploredName>
    <szDetailedUnexploredName>Farmland</szDetailedUnexploredName>
    <szExploredName>Farmland</szExploredName>
    <szDetailedExploredName>Farmland</szDetailedExploredName>
    <sWaterType>0</sWaterType>
    <usNaturalDirt>200</usNaturalDirt>
  </SECTOR>
  <SECTOR>
    <SectorGrid>B9</SectorGrid>
    <szUnexploredName>Plains, road</szUnexploredName>
    <szDetailedUnexploredName>Plains, road</szDetailedUnexploredName>
    <szExploredName>Plains, road</szExploredName>
    <szDetailedExploredName>Plains, road</szDetailedExploredName>
    <sWaterType>0</sWaterType>
    <usNaturalDirt>180</usNaturalDirt>
  </SECTOR>
  <SECTOR>
    <SectorGrid>B10</SectorGrid>
    <szUnexploredName>Woods</szUnexploredName>
    <szDetailedUnexploredName>Woods</szDetailedUnexploredName>
    <szExploredName>Woods</szExploredName>
    <szDetailedExploredName>Woods</szDetailedExploredName>
    <sWaterType>0</sWaterType>
    <usNaturalDirt>200</usNaturalDirt>
  </SECTOR>
  <SECTOR>
    <SectorGrid>B11</SectorGrid>
    <szUnexploredName>Woods</szUnexploredName>
    <szDetailedUnexploredName>Woods</szDetailedUnexploredName>
    <szExploredName>Woods</szExploredName>
    <szDetailedExploredName>Woods</szDetailedExploredName>
    <sWaterType>0</sWaterType>
    <usNaturalDirt>200</usNaturalDirt>
  </SECTOR>
  <SECTOR>
    <SectorGrid>B12</SectorGrid>
    <szUnexploredName>Farm, road</szUnexploredName>
    <szDetailedUnexploredName>Farm, road</szDetailedUnexploredName>
    <szExploredName>Farm, road</szExploredName>
    <szDetailedExploredName>Farm, road</szDetailedExploredName>
    <sWaterType>0</sWaterType>
    <usNaturalDirt>210</usNaturalDirt>
  </SECTOR>
  <SECTOR>
    <SectorGrid>B13</SectorGrid>
    <szUnexploredName>Drassen Airport</szUnexploredName>
    <szDetailedUnexploredName>Drassen Airport</szDetailedUnexploredName>
    <szExploredName>Drassen Airport</szExploredName>
    <szDetailedExploredName>Drassen Airport</szDetailedExploredName>
    <sWaterType>1</sWaterType>
    <usNaturalDirt>100</usNaturalDirt>
    <sRadioScanModifier>2</sRadioScanModifier>
  </SECTOR>
  <SECTOR>
    <SectorGrid>B14</SectorGrid>
    <szUnexploredName>Water</szUnexploredName>
    <szDetailedUnexploredName>Water</szDetailedUnexploredName>
    <szExploredName>Water</szExploredName>
    <szDetailedExploredName>Water</szDetailedExploredName>
    <sWaterType>1</sWaterType>
    <usNaturalDirt>120</usNaturalDirt>
  </SECTOR>
  <SECTOR>
    <SectorGrid>B15</SectorGrid>
    <szUnexploredName>Swamp</szUnexploredName>
    <szDetailedUnexploredName>Swamp</szDetailedUnexploredName>
    <szExploredName>Swamp</szExploredName>
    <szDetailedExploredName>Swamp</szDetailedExploredName>
    <sWaterType>1</sWaterType>
    <usNaturalDirt>500</usNaturalDirt>
  </SECTOR>
  <SECTOR>
    <SectorGrid>B16</SectorGrid>
    <szUnexploredName>Forest</szUnexploredName>
    <szDetailedUnexploredName>Forest</szDetailedUnexploredName>
    <szExploredName>Forest</szExploredName>
    <szDetailedExploredName>Forest</szDetailedExploredName>
    <sWaterType>0</sWaterType>
    <usNaturalDirt>200</usNaturalDirt>
  </SECTOR>
  <SECTOR>
    <SectorGrid>C1</SectorGrid>
    <szUnexploredName>Tropical</szUnexploredName>
    <szDetailedUnexploredName>Tropical</szDetailedUnexploredName>
    <szExploredName>Tropical</szExploredName>
    <szDetailedExploredName>Tropical</szDetailedExploredName>
    <sWaterType>2</sWaterType>
    <usNaturalDirt>300</usNaturalDirt>
  </SECTOR>
  <SECTOR>
    <SectorGrid>C2</SectorGrid>
    <szUnexploredName>Tropical, road</szUnexploredName>
    <szDetailedUnexploredName>Tropical, road</szDetailedUnexploredName>
    <szExploredName>Tropical, road</szExploredName>
    <szDetailedExploredName>Tropical, road</szDetailedExploredName>
    <sWaterType>0</sWaterType>
    <usNaturalDirt>300</usNaturalDirt>
  </SECTOR>
  <SECTOR>
    <SectorGrid>C3</SectorGrid>
    <szUnexploredName>Tropical, road</szUnexploredName>
    <szDetailedUnexploredName>Tropical, road</szDetailedUnexploredName>
    <szExploredName>Tropical, road</szExploredName>
    <szDetailedExploredName>Tropical, road</szDetailedExploredName>
    <sWaterType>0</sWaterType>
    <usNaturalDirt>300</usNaturalDirt>
  </SECTOR>
  <SECTOR>
    <SectorGrid>C4</SectorGrid>
    <szUnexploredName>Woods</szUnexploredName>
    <szDetailedUnexploredName>Woods</szDetailedUnexploredName>
    <szExploredName>Woods</szExploredName>
    <szDetailedExploredName>Woods</szDetailedExploredName>
    <sWaterType>0</sWaterType>
    <usNaturalDirt>200</usNaturalDirt>
  </SECTOR>
  <SECTOR>
    <SectorGrid>C5</SectorGrid>
    <szUnexploredName>San Mona</szUnexploredName>
    <szDetailedUnexploredName>San Mona</szDetailedUnexploredName>
    <szExploredName>San Mona</szExploredName>
    <szDetailedExploredName>San Mona</szDetailedExploredName>
    <sWaterType>1</sWaterType>
    <usNaturalDirt>100</usNaturalDirt>
  </SECTOR>
  <SECTOR>
    <SectorGrid>C6</SectorGrid>
    <szUnexploredName>San Mona</szUnexploredName>
    <szDetailedUnexploredName>San Mona</szDetailedUnexploredName>
    <szExploredName>San Mona</szExploredName>
    <szDetailedExploredName>San Mona</szDetailedExploredName>
    <sWaterType>1</sWaterType>
    <usNaturalDirt>100</usNaturalDirt>
  </SECTOR>
  <SECTOR>
    <SectorGrid>C7</SectorGrid>
    <szUnexploredName>Plains, road</szUnexploredName>
    <szDetailedUnexploredName>Plains, road</szDetailedUnexploredName>
    <szExploredName>Plains, road</szExploredName>
    <szDetailedExploredName>Plains, road</szDetailedExploredName>
    <sWaterType>0</sWaterType>
    <usNaturalDirt>180</usNaturalDirt>
  </SECTOR>
  <SECTOR>
    <SectorGrid>C8</SectorGrid>
    <szUnexploredName>Woods</szUnexploredName>
    <szDetailedUnexploredName>Woods</szDetailedUnexploredName>
    <szExploredName>Woods</szExploredName>
    <szDetailedExploredName>Woods</szDetailedExploredName>
    <sWaterType>0</sWaterType>
    <usNaturalDirt>200</usNaturalDirt>
  </SECTOR>
  <SECTOR>
    <SectorGrid>C9</SectorGrid>
    <szUnexploredName>Plains, road</szUnexploredName>
    <szDetailedUnexploredName>Plains, road</szDetailedUnexploredName>
    <szExploredName>Plains, road</szExploredName>
    <szDetailedExploredName>Plains, road</szDetailedExploredName>
    <sWaterType>0</sWaterType>
    <usNaturalDirt>160</usNaturalDirt>
  </SECTOR>
  <SECTOR>
    <SectorGrid>C10</SectorGrid>
    <szUnexploredName>Woods</szUnexploredName>
    <szDetailedUnexploredName>Woods</szDetailedUnexploredName>
    <szExploredName>Woods</szExploredName>
    <szDetailedExploredName>Woods</szDetailedExploredName>
    <sWaterType>0</sWaterType>
    <usNaturalDirt>200</usNaturalDirt>
   </SECTOR>
   <SECTOR>
    <SectorGrid>C11</SectorGrid>
    <szUnexploredName>Forest</szUnexploredName>
    <szDetailedUnexploredName>Forest</szDetailedUnexploredName>
    <szExploredName>Forest</szExploredName>
    <szDetailedExploredName>Forest</szDetailedExploredName>
    <sWaterType>0</sWaterType>
    <usNaturalDirt>200</usNaturalDirt>
   </SECTOR>
   <SECTOR>
    <SectorGrid>C12</SectorGrid>
    <szUnexploredName>Woods</szUnexploredName>
    <szDetailedUnexploredName>Woods</szDetailedUnexploredName>
    <szExploredName>Woods</szExploredName>
    <szDetailedExploredName>Woods</szDetailedExploredName>
    <sWaterType>0</sWaterType>
    <usNaturalDirt>200</usNaturalDirt>
   </SECTOR>
   <SECTOR>
    <SectorGrid>C13</SectorGrid>
    <szUnexploredName>Drassen</szUnexploredName>
    <szDetailedUnexploredName>Drassen</szDetailedUnexploredName>
    <szExploredName>Drassen</szExploredName>
    <szDetailedExploredName>Drassen</szDetailedExploredName>
    <sWaterType>1</sWaterType>
    <usNaturalDirt>100</usNaturalDirt>
   </SECTOR>
   <SECTOR>
    <SectorGrid>C14</SectorGrid>
    <szUnexploredName>Water</szUnexploredName>
    <szDetailedUnexploredName>Water</szDetailedUnexploredName>
    <szExploredName>Water</szExploredName>
    <szDetailedExploredName>Water</szDetailedExploredName>
    <sWaterType>1</sWaterType>
    <usNaturalDirt>140</usNaturalDirt>
   </SECTOR>	
   <SECTOR>
    <SectorGrid>C15</SectorGrid>
    <szUnexploredName>Swamp</szUnexploredName>
    <szDetailedUnexploredName>Swamp</szDetailedUnexploredName>
    <szExploredName>Swamp</szExploredName>
    <szDetailedExploredName>Swamp</szDetailedExploredName>
    <sWaterType>1</sWaterType>
    <usNaturalDirt>500</usNaturalDirt>
   </SECTOR>	
   <SECTOR>
    <SectorGrid>C16</SectorGrid>
    <szUnexploredName>Swamp</szUnexploredName>
    <szDetailedUnexploredName>Swamp</szDetailedUnexploredName>
    <szExploredName>Swamp</szExploredName>
    <szDetailedExploredName>Swamp</szDetailedExploredName>
    <sWaterType>3</sWaterType>
    <usNaturalDirt>100</usNaturalDirt>
   </SECTOR>
   <SECTOR>
    <SectorGrid>D1</SectorGrid>
    <szUnexploredName>Impassable</szUnexploredName>
    <szDetailedUnexploredName>Impassable</szDetailedUnexploredName>
    <szExploredName>Impassable</szExploredName>
    <szDetailedExploredName>Impassable</szDetailedExploredName>
    <sWaterType>2</sWaterType>
    <usNaturalDirt>100</usNaturalDirt>
   </SECTOR>
   <SECTOR>
    <SectorGrid>D2</SectorGrid>
    <szUnexploredName>Tropical</szUnexploredName>
    <szDetailedUnexploredName>Tropical</szDetailedUnexploredName>
    <szExploredName>SAM Site</szExploredName>
    <szDetailedExploredName>Tropical, SAM Site</szDetailedExploredName>
    <sWaterType>2</sWaterType>
    <usNaturalDirt>300</usNaturalDirt>
    <usCurfewValue>2</usCurfewValue>
    <sRadioScanModifier>2</sRadioScanModifier>
   </SECTOR>
   <SECTOR>
    <SectorGrid>D3</SectorGrid>
    <szUnexploredName>Plains, road</szUnexploredName>
    <szDetailedUnexploredName>Plains, road</szDetailedUnexploredName>
    <szExploredName>Plains, road</szExploredName>
    <szDetailedExploredName>Plains, road</szDetailedExploredName>
    <sWaterType>0</sWaterType>
    <usNaturalDirt>160</usNaturalDirt>
   </SECTOR>
   <SECTOR>
    <SectorGrid>D4</SectorGrid>
    <szUnexploredName>San Mona Mine</szUnexploredName>
    <szDetailedUnexploredName>San Mona Mine</szDetailedUnexploredName>
    <szExploredName>San Mona Mine</szExploredName>
    <szDetailedExploredName>San Mona Mine</szDetailedExploredName>
    <sWaterType>0</sWaterType>
    <usNaturalDirt>120</usNaturalDirt>
   </SECTOR>
   <SECTOR>
    <SectorGrid>D5</SectorGrid>
    <szUnexploredName>San Mona</szUnexploredName>
    <szDetailedUnexploredName>San Mona</szDetailedUnexploredName>
    <szExploredName>San Mona</szExploredName>
    <szDetailedExploredName>San Mona</szDetailedExploredName>
    <sWaterType>1</sWaterType>
    <usNaturalDirt>100</usNaturalDirt>
    <usPrisonRoomNumber00>8</usPrisonRoomNumber00>
    <usPrisonRoomNumber01>9</usPrisonRoomNumber01>
    <usPrisonRoomNumber02>10</usPrisonRoomNumber02>
   </SECTOR>
   <SECTOR>
    <SectorGrid>D6</SectorGrid>
    <szUnexploredName>Farmland</szUnexploredName>
    <szDetailedUnexploredName>Farmland</szDetailedUnexploredName>
    <szExploredName>Farmland</szExploredName>
    <szDetailedExploredName>Farmland</szDetailedExploredName>
    <sWaterType>0</sWaterType>
    <usNaturalDirt>180</usNaturalDirt>
   </SECTOR>
   <SECTOR>
    <SectorGrid>D7</SectorGrid>
    <szUnexploredName>Forest, road</szUnexploredName>
    <szDetailedUnexploredName>Forest, road</szDetailedUnexploredName>
    <szExploredName>Forest, road</szExploredName>
    <szDetailedExploredName>Forest, road</szDetailedExploredName>
    <sWaterType>0</sWaterType>
    <usNaturalDirt>170</usNaturalDirt>
   </SECTOR>
   <SECTOR>
    <SectorGrid>D8</SectorGrid>
    <szUnexploredName>Forest</szUnexploredName>
    <szDetailedUnexploredName>Forest</szDetailedUnexploredName>
    <szExploredName>Forest</szExploredName>
    <szDetailedExploredName>Forest</szDetailedExploredName>
    <sWaterType>1</sWaterType>
    <usNaturalDirt>200</usNaturalDirt>
   </SECTOR>
   <SECTOR>
    <SectorGrid>D9</SectorGrid>
    <szUnexploredName>Plains, road</szUnexploredName>
    <szDetailedUnexploredName>Plains, road</szDetailedUnexploredName>
    <szExploredName>Plains, road</szExploredName>
    <szDetailedExploredName>Plains, road</szDetailedExploredName>
    <sWaterType>1</sWaterType>
    <usNaturalDirt>150</usNaturalDirt>
   </SECTOR>
   <SECTOR>
    <SectorGrid>D10</SectorGrid>
    <szUnexploredName>Plains</szUnexploredName>
    <szDetailedUnexploredName>Plains</szDetailedUnexploredName>
    <szExploredName>Plains</szExploredName>
    <szDetailedExploredName>Plains</szDetailedExploredName>
    <sWaterType>1</sWaterType>
    <usNaturalDirt>150</usNaturalDirt>
   </SECTOR>
   <SECTOR>
    <SectorGrid>D11</SectorGrid>
    <szUnexploredName>Woods</szUnexploredName>
    <szDetailedUnexploredName>Woods</szDetailedUnexploredName>
    <szExploredName>Woods</szExploredName>
    <szDetailedExploredName>Woods</szDetailedExploredName>
    <sWaterType>0</sWaterType>
    <usNaturalDirt>200</usNaturalDirt>
   </SECTOR>
   <SECTOR>
    <SectorGrid>D12</SectorGrid>
    <szUnexploredName>Swamp</szUnexploredName>
    <szDetailedUnexploredName>Swamp</szDetailedUnexploredName>
    <szExploredName>Swamp</szExploredName>
    <szDetailedExploredName>Swamp</szDetailedExploredName>
    <sWaterType>1</sWaterType>
    <usNaturalDirt>500</usNaturalDirt>
   </SECTOR>
   <SECTOR>
    <SectorGrid>D13</SectorGrid>
    <szUnexploredName>Drassen Mine</szUnexploredName>
    <szDetailedUnexploredName>Drassen Mine</szDetailedUnexploredName>
    <szExploredName>Drassen Mine</szExploredName>
    <szDetailedExploredName>Drassen Mine</szDetailedExploredName>
    <sWaterType>1</sWaterType>
    <usNaturalDirt>100</usNaturalDirt>
   </SECTOR>
   <SECTOR>
    <SectorGrid>D14</SectorGrid>
    <szUnexploredName>Water</szUnexploredName>
    <szDetailedUnexploredName>Water</szDetailedUnexploredName>
    <szExploredName>Water</szExploredName>
    <szDetailedExploredName>Water</szDetailedExploredName>
    <sWaterType>1</sWaterType>
    <usNaturalDirt>130</usNaturalDirt>
   </SECTOR>
   <SECTOR>
    <SectorGrid>D15</SectorGrid>
    <szUnexploredName>Woods</szUnexploredName>
    <szDetailedUnexploredName>Woods</szDetailedUnexploredName>
    <szExploredName>SAM Site</szExploredName>
    <szDetailedExploredName>Woods, SAM Site</szDetailedExploredName>
    <sWaterType>1</sWaterType>
    <usNaturalDirt>160</usNaturalDirt>
    <usCurfewValue>2</usCurfewValue>
    <sRadioScanModifier>2</sRadioScanModifier>
   </SECTOR>  
   <SECTOR>
    <SectorGrid>D16</SectorGrid>
    <szUnexploredName>Forest</szUnexploredName>
    <szDetailedUnexploredName>Forest</szDetailedUnexploredName>
    <szExploredName>Forest</szExploredName>
    <szDetailedExploredName>Forest</szDetailedExploredName>
    <sWaterType>0</sWaterType>
    <usNaturalDirt>200</usNaturalDirt>
   </SECTOR>
   <SECTOR>
    <SectorGrid>E1</SectorGrid>
    <szUnexploredName>Impassable</szUnexploredName>
    <szDetailedUnexploredName>Impassable</szDetailedUnexploredName>
    <szExploredName>Impassable</szExploredName>
    <szDetailedExploredName>Impassable</szDetailedExploredName>
    <sWaterType>2</sWaterType>
    <usNaturalDirt>100</usNaturalDirt>
   </SECTOR>
   <SECTOR>
    <SectorGrid>E2</SectorGrid>
    <szUnexploredName>Tropical</szUnexploredName>
    <szDetailedUnexploredName>Tropical</szDetailedUnexploredName>
    <szExploredName>Tropical</szExploredName>
    <szDetailedExploredName>Tropical</szDetailedExploredName>
    <sWaterType>2</sWaterType>
    <usNaturalDirt>300</usNaturalDirt>
   </SECTOR>
   <SECTOR>
    <SectorGrid>E3</SectorGrid>
    <szUnexploredName>Plains, road</szUnexploredName>
    <szDetailedUnexploredName>Plains, road</szDetailedUnexploredName>
    <szExploredName>Plains, road</szExploredName>
    <szDetailedExploredName>Plains, road</szDetailedExploredName>
    <sWaterType>0</sWaterType>
    <usNaturalDirt>160</usNaturalDirt>
   </SECTOR>
   <SECTOR>
    <SectorGrid>E4</SectorGrid>
    <szUnexploredName>Hills</szUnexploredName>
    <szDetailedUnexploredName>Hills</szDetailedUnexploredName>
    <szExploredName>Hills</szExploredName>
    <szDetailedExploredName>Hills</szDetailedExploredName>
    <sWaterType>0</sWaterType>
    <usNaturalDirt>130</usNaturalDirt>
   </SECTOR>
   <SECTOR>
    <SectorGrid>E5</SectorGrid>
    <szUnexploredName>Hills</szUnexploredName>
    <szDetailedUnexploredName>Hills</szDetailedUnexploredName>
    <szExploredName>Hills</szExploredName>
    <szDetailedExploredName>Hills</szDetailedExploredName>
    <sWaterType>0</sWaterType>
    <usNaturalDirt>130</usNaturalDirt>
   </SECTOR>
   <SECTOR>
    <SectorGrid>E6</SectorGrid>
    <szUnexploredName>Plains</szUnexploredName>
    <szDetailedUnexploredName>Plains</szDetailedUnexploredName>
    <szExploredName>Plains</szExploredName>
    <szDetailedExploredName>Plains</szDetailedExploredName>
    <sWaterType>0</sWaterType>
    <usNaturalDirt>160</usNaturalDirt>
   </SECTOR> 	  	 	
   <SECTOR>
    <SectorGrid>E7</SectorGrid>
    <szUnexploredName>Farm, road</szUnexploredName>
    <szDetailedUnexploredName>Farm, road</szDetailedUnexploredName>
    <szExploredName>Farm, road</szExploredName>
    <szDetailedExploredName>Farm, road</szDetailedExploredName>
    <sWaterType>0</sWaterType>
    <usNaturalDirt>180</usNaturalDirt>
   </SECTOR>
   <SECTOR>
    <SectorGrid>E8</SectorGrid>
    <szUnexploredName>Farmland</szUnexploredName>
    <szDetailedUnexploredName>Farmland</szDetailedUnexploredName>
    <szExploredName>Farmland</szExploredName>
    <szDetailedExploredName>Farmland</szDetailedExploredName>
    <sWaterType>0</sWaterType>
    <usNaturalDirt>160</usNaturalDirt>
   </SECTOR>
   <SECTOR>
    <SectorGrid>E9</SectorGrid>
    <szUnexploredName>Farm, road</szUnexploredName>
    <szDetailedUnexploredName>Farm, road</szDetailedUnexploredName>
    <szExploredName>Farm, road</szExploredName>
    <szDetailedExploredName>Farm, road</szDetailedExploredName>
    <sWaterType>1</sWaterType>
    <usNaturalDirt>150</usNaturalDirt>
   </SECTOR>
   <SECTOR>
    <SectorGrid>E10</SectorGrid>
    <szUnexploredName>Swamp</szUnexploredName>
    <szDetailedUnexploredName>Swamp</szDetailedUnexploredName>
    <szExploredName>Swamp</szExploredName>
    <szDetailedExploredName>Swamp</szDetailedExploredName>
    <sWaterType>1</sWaterType>
    <usNaturalDirt>500</usNaturalDirt>
   </SECTOR>
   <SECTOR>
    <SectorGrid>E11</SectorGrid>
    <szUnexploredName>Woods</szUnexploredName>
    <szDetailedUnexploredName>Woods</szDetailedUnexploredName>
    <szExploredName>Woods</szExploredName>
    <szDetailedExploredName>Woods</szDetailedExploredName>
    <sWaterType>1</sWaterType>
    <usNaturalDirt>200</usNaturalDirt>
   </SECTOR>
   <SECTOR>
    <SectorGrid>E12</SectorGrid>
    <szUnexploredName>Woods</szUnexploredName>
    <szDetailedUnexploredName>Woods</szDetailedUnexploredName>
    <szExploredName>Woods</szExploredName>
    <szDetailedExploredName>Woods</szDetailedExploredName>
    <sWaterType>1</sWaterType>
    <usNaturalDirt>200</usNaturalDirt>
   </SECTOR>
   <SECTOR>
    <SectorGrid>E13</SectorGrid>
    <szUnexploredName>Water</szUnexploredName>
    <szDetailedUnexploredName>Water</szDetailedUnexploredName>
    <szExploredName>Water</szExploredName>
    <szDetailedExploredName>Water</szDetailedExploredName>
    <sWaterType>1</sWaterType>
    <usNaturalDirt>140</usNaturalDirt>
   </SECTOR>
   <SECTOR>
    <SectorGrid>E14</SectorGrid>
    <szUnexploredName>Swamp</szUnexploredName>
    <szDetailedUnexploredName>Swamp</szDetailedUnexploredName>
    <szExploredName>Swamp</szExploredName>
    <szDetailedExploredName>Swamp</szDetailedExploredName>
    <sWaterType>1</sWaterType>
    <usNaturalDirt>500</usNaturalDirt>
   </SECTOR> 
   <SECTOR>
    <SectorGrid>E15</SectorGrid>
    <szUnexploredName>Forest, road</szUnexploredName>
    <szDetailedUnexploredName>Forest, road</szDetailedUnexploredName>
    <szExploredName>Forest, road</szExploredName>
    <szDetailedExploredName>Forest, road</szDetailedExploredName>
    <sWaterType>0</sWaterType>
    <usNaturalDirt>175</usNaturalDirt>
   </SECTOR>
   <SECTOR>
    <SectorGrid>E16</SectorGrid>
    <szUnexploredName>Unknown</szUnexploredName>
    <szDetailedUnexploredName>Unknown</szDetailedUnexploredName>
    <szExploredName>Unknown</szExploredName>
    <szDetailedExploredName>Unknown</szDetailedExploredName>
    <sWaterType>0</sWaterType>
    <usNaturalDirt>100</usNaturalDirt>
   </SECTOR>
   <SECTOR>
    <SectorGrid>F1</SectorGrid>
    <szUnexploredName>Impassable</szUnexploredName>
    <szDetailedUnexploredName>Impassable</szDetailedUnexploredName>
    <szExploredName>Impassable</szExploredName>
    <szDetailedExploredName>Impassable</szDetailedExploredName>
    <sWaterType>2</sWaterType>
    <usNaturalDirt>100</usNaturalDirt>
   </SECTOR>
   <SECTOR>
    <SectorGrid>F2</SectorGrid>
    <szUnexploredName>Coastline</szUnexploredName>
    <szDetailedUnexploredName>Coastline</szDetailedUnexploredName>
    <szExploredName>Coastline</szExploredName>
    <szDetailedExploredName>Coastline</szDetailedExploredName>
    <sWaterType>1</sWaterType>
    <usNaturalDirt>180</usNaturalDirt>
   </SECTOR>
   <SECTOR>
    <SectorGrid>F3</SectorGrid>
    <szUnexploredName>Plains, road</szUnexploredName>
    <szDetailedUnexploredName>Plains, road</szDetailedUnexploredName>
    <szExploredName>Plains, road</szExploredName>
    <szDetailedExploredName>Plains, road</szDetailedExploredName>
    <sWaterType>1</sWaterType>
    <usNaturalDirt>150</usNaturalDirt>
   </SECTOR>
   <SECTOR>
    <SectorGrid>F4</SectorGrid>
    <szUnexploredName>Hills</szUnexploredName>
    <szDetailedUnexploredName>Hills</szDetailedUnexploredName>
    <szExploredName>Hills</szExploredName>
    <szDetailedExploredName>Hills</szDetailedExploredName>
    <sWaterType>1</sWaterType>
    <usNaturalDirt>130</usNaturalDirt>
   </SECTOR>
   <SECTOR>
    <SectorGrid>F5</SectorGrid>
    <szUnexploredName>Hills</szUnexploredName>
    <szDetailedUnexploredName>Hills</szDetailedUnexploredName>
    <szExploredName>Hills</szExploredName>
    <szDetailedExploredName>Hills</szDetailedExploredName>
    <sWaterType>0</sWaterType>
    <usNaturalDirt>130</usNaturalDirt>
   </SECTOR>
   <SECTOR>
    <SectorGrid>F6</SectorGrid>
    <szUnexploredName>Hills</szUnexploredName>
    <szDetailedUnexploredName>Hills</szDetailedUnexploredName>
    <szExploredName>Hills</szExploredName>
    <szDetailedExploredName>Hills</szDetailedExploredName>
    <sWaterType>0</sWaterType>
    <usNaturalDirt>130</usNaturalDirt>
   </SECTOR>
   <SECTOR>
    <SectorGrid>F7</SectorGrid>
    <szUnexploredName>Mountain, road</szUnexploredName>
    <szDetailedUnexploredName>Mountain, road</szDetailedUnexploredName>
    <szExploredName>Mountain, road</szExploredName>
    <szDetailedExploredName>Mountain, road</szDetailedExploredName>
    <sWaterType>0</sWaterType>
    <usNaturalDirt>140</usNaturalDirt>
   </SECTOR>
   <SECTOR>
    <SectorGrid>F8</SectorGrid>
    <szUnexploredName>Cambria, Hospital</szUnexploredName>
    <szDetailedUnexploredName>Cambria, Hospital</szDetailedUnexploredName>
    <szExploredName>Cambria, Hospital</szExploredName>
    <szDetailedExploredName>Cambria, Hospital</szDetailedExploredName>
    <sWaterType>1</sWaterType>
    <usNaturalDirt>100</usNaturalDirt>
   </SECTOR>
   <SECTOR>
    <SectorGrid>F9</SectorGrid>
    <szUnexploredName>Cambria</szUnexploredName>
    <szDetailedUnexploredName>Cambria</szDetailedUnexploredName>
    <szExploredName>Cambria</szExploredName>
    <szDetailedExploredName>Cambria</szDetailedExploredName>
    <sWaterType>1</sWaterType>
    <usNaturalDirt>100</usNaturalDirt>
    <usCurfewValue>1</usCurfewValue>
   </SECTOR>
   <SECTOR>
    <SectorGrid>F10</SectorGrid>
    <szUnexploredName>Farmland</szUnexploredName>
    <szDetailedUnexploredName>Farmland</szDetailedUnexploredName>
    <szExploredName>Farmland</szExploredName>
    <szDetailedExploredName>Farmland</szDetailedExploredName>
    <sWaterType>1</sWaterType>
    <usNaturalDirt>200</usNaturalDirt>
   </SECTOR>
   <SECTOR>
    <SectorGrid>F11</SectorGrid>
    <szUnexploredName>Plains</szUnexploredName>
    <szDetailedUnexploredName>Plains</szDetailedUnexploredName>
    <szExploredName>Plains</szExploredName>
    <szDetailedExploredName>Plains</szDetailedExploredName>
    <sWaterType>0</sWaterType>
    <usNaturalDirt>160</usNaturalDirt>
   </SECTOR>
   <SECTOR>
    <SectorGrid>F12</SectorGrid>
    <szUnexploredName>Woods</szUnexploredName>
    <szDetailedUnexploredName>Woods</szDetailedUnexploredName>
    <szExploredName>Woods</szExploredName>
    <szDetailedExploredName>Woods</szDetailedExploredName>
    <sWaterType>0</sWaterType>
    <usNaturalDirt>200</usNaturalDirt>
   </SECTOR>
   <SECTOR>
    <SectorGrid>F13</SectorGrid>
    <szUnexploredName>Woods</szUnexploredName>
    <szDetailedUnexploredName>Woods</szDetailedUnexploredName>
    <szExploredName>Woods</szExploredName>
    <szDetailedExploredName>Woods</szDetailedExploredName>
    <sWaterType>1</sWaterType>
    <usNaturalDirt>200</usNaturalDirt>
   </SECTOR>
   <SECTOR>
    <SectorGrid>F14</SectorGrid>
    <szUnexploredName>Plains, road</szUnexploredName>
    <szDetailedUnexploredName>Plains, road</szDetailedUnexploredName>
    <szExploredName>Plains, road</szExploredName>
    <szDetailedExploredName>Plains, road</szDetailedExploredName>
    <sWaterType>1</sWaterType>
    <usNaturalDirt>150</usNaturalDirt>
   </SECTOR>
   <SECTOR>
    <SectorGrid>F15</SectorGrid>
    <szUnexploredName>Forest, road</szUnexploredName>
    <szDetailedUnexploredName>Forest, road</szDetailedUnexploredName>
    <szExploredName>Forest, road</szExploredName>
    <szDetailedExploredName>Forest, road</szDetailedExploredName>
    <sWaterType>1</sWaterType>
    <usNaturalDirt>170</usNaturalDirt>
   </SECTOR>
   <SECTOR>
    <SectorGrid>F16</SectorGrid>
    <szUnexploredName>Unknown</szUnexploredName>
    <szDetailedUnexploredName>Unknown</szDetailedUnexploredName>
    <szExploredName>Unknown</szExploredName>
    <szDetailedExploredName>Unknown</szDetailedExploredName>
    <sWaterType>0</sWaterType>
    <usNaturalDirt>100</usNaturalDirt>
   </SECTOR>
   <SECTOR>
    <SectorGrid>G1</SectorGrid>
    <szUnexploredName>Grumm</szUnexploredName>
    <szDetailedUnexploredName>Grumm</szDetailedUnexploredName>
    <szExploredName>Grumm</szExploredName>
    <szDetailedExploredName>Grumm</szDetailedExploredName>
    <sWaterType>1</sWaterType>
    <usNaturalDirt>100</usNaturalDirt>
   </SECTOR>
   <SECTOR>
    <SectorGrid>G2</SectorGrid>
    <szUnexploredName>Grumm</szUnexploredName>
    <szDetailedUnexploredName>Grumm</szDetailedUnexploredName>
    <szExploredName>Grumm</szExploredName>
    <szDetailedExploredName>Grumm</szDetailedExploredName>
    <sWaterType>3</sWaterType>
    <usNaturalDirt>100</usNaturalDirt>
    <usCurfewValue>2</usCurfewValue>
   </SECTOR>
   <SECTOR>
    <SectorGrid>G3</SectorGrid>
    <szUnexploredName>Coastal, road</szUnexploredName>
    <szDetailedUnexploredName>Coastal, road</szDetailedUnexploredName>
    <szExploredName>Coastal, road</szExploredName>
    <szDetailedExploredName>Coastal, road</szDetailedExploredName>
    <sWaterType>0</sWaterType>
    <usNaturalDirt>120</usNaturalDirt>
   </SECTOR>
   <SECTOR>
    <SectorGrid>G4</SectorGrid>
    <szUnexploredName>Mountain, road</szUnexploredName>
    <szDetailedUnexploredName>Mountain, road</szDetailedUnexploredName>
    <szExploredName>Mountain, road</szExploredName>
    <szDetailedExploredName>Mountain, road</szDetailedExploredName>
    <sWaterType>0</sWaterType>
    <usNaturalDirt>140</usNaturalDirt>
   </SECTOR>
   <SECTOR>
    <SectorGrid>G5</SectorGrid>
    <szUnexploredName>Mountain, road</szUnexploredName>
    <szDetailedUnexploredName>Mountain, road</szDetailedUnexploredName>
    <szExploredName>Mountain, road</szExploredName>
    <szDetailedExploredName>Mountain, road</szDetailedExploredName>
    <sWaterType>0</sWaterType>
    <usNaturalDirt>140</usNaturalDirt>
   </SECTOR>
   <SECTOR>
    <SectorGrid>G6</SectorGrid>
    <szUnexploredName>Mountain, road</szUnexploredName>
    <szDetailedUnexploredName>Mountain, road</szDetailedUnexploredName>
    <szExploredName>Mountain, road</szExploredName>
    <szDetailedExploredName>Mountain, road</szDetailedExploredName>
    <sWaterType>0</sWaterType>
    <usNaturalDirt>140</usNaturalDirt>
   </SECTOR>
   <SECTOR>
    <SectorGrid>G7</SectorGrid>
    <szUnexploredName>Farm, road</szUnexploredName>
    <szDetailedUnexploredName>Farm, road</szDetailedUnexploredName>
    <szExploredName>Farm, road</szExploredName>
    <szDetailedExploredName>Farm, road</szDetailedExploredName>
    <sWaterType>1</sWaterType>
    <usNaturalDirt>175</usNaturalDirt>
   </SECTOR>
   <SECTOR>
    <SectorGrid>G8</SectorGrid>
    <szUnexploredName>Cambria</szUnexploredName>
    <szDetailedUnexploredName>Cambria</szDetailedUnexploredName>
    <szExploredName>Cambria</szExploredName>
    <szDetailedExploredName>Cambria</szDetailedExploredName>
    <sWaterType>1</sWaterType>
    <usNaturalDirt>100</usNaturalDirt>
   </SECTOR>
   <SECTOR>
    <SectorGrid>G9</SectorGrid>
    <szUnexploredName>Cambria</szUnexploredName>
    <szDetailedUnexploredName>Cambria</szDetailedUnexploredName>
    <szExploredName>Cambria</szExploredName>
    <szDetailedExploredName>Cambria</szDetailedExploredName>
    <sWaterType>1</sWaterType>
    <usNaturalDirt>100</usNaturalDirt>
    <usPrisonRoomNumber00>41</usPrisonRoomNumber00>
    <usPrisonRoomNumber01>42</usPrisonRoomNumber01>
    <usPrisonRoomNumber02>44</usPrisonRoomNumber02>
    <usPrisonRoomNumber03>45</usPrisonRoomNumber03>
   </SECTOR>
   <SECTOR>
    <SectorGrid>G10</SectorGrid>
    <szUnexploredName>Desert, road</szUnexploredName>
    <szDetailedUnexploredName>Desert, road</szDetailedUnexploredName>
    <szExploredName>Desert, road</szExploredName>
    <szDetailedExploredName>Desert, road</szDetailedExploredName>
    <sWaterType>0</sWaterType>
    <usNaturalDirt>900</usNaturalDirt>
   </SECTOR>
   <SECTOR>
    <SectorGrid>G11</SectorGrid>
    <szUnexploredName>Desert, road</szUnexploredName>
    <szDetailedUnexploredName>Desert, road</szDetailedUnexploredName>
    <szExploredName>Desert, road</szExploredName>
    <szDetailedExploredName>Desert, road</szDetailedExploredName>
    <sWaterType>0</sWaterType>
    <usNaturalDirt>900</usNaturalDirt>
   </SECTOR>
   <SECTOR>
    <SectorGrid>G12</SectorGrid>
    <szUnexploredName>Plains, road</szUnexploredName>
    <szDetailedUnexploredName>Plains, road</szDetailedUnexploredName>
    <szExploredName>Plains, road</szExploredName>
    <szDetailedExploredName>Plains, road</szDetailedExploredName>
    <sWaterType>0</sWaterType>
    <usNaturalDirt>160</usNaturalDirt>
   </SECTOR>
   <SECTOR>
    <SectorGrid>G13</SectorGrid>
    <szUnexploredName>Plains</szUnexploredName>
    <szDetailedUnexploredName>Plains</szDetailedUnexploredName>
    <szExploredName>Plains</szExploredName>
    <szDetailedExploredName>Plains</szDetailedExploredName>
    <sWaterType>0</sWaterType>
    <usNaturalDirt>170</usNaturalDirt>
   </SECTOR>
   <SECTOR>
    <SectorGrid>G14</SectorGrid>
    <szUnexploredName>Plains, road</szUnexploredName>
    <szDetailedUnexploredName>Plains, road</szDetailedUnexploredName>
    <szExploredName>Plains, road</szExploredName>
    <szDetailedExploredName>Plains, road</szDetailedExploredName>
    <sWaterType>0</sWaterType>
    <usNaturalDirt>160</usNaturalDirt>
   </SECTOR>
   <SECTOR>
    <SectorGrid>G15</SectorGrid>
    <szUnexploredName>Forest</szUnexploredName>
    <szDetailedUnexploredName>Forest</szDetailedUnexploredName>
    <szExploredName>Forest</szExploredName>
    <szDetailedExploredName>Forest</szDetailedExploredName>
    <sWaterType>1</sWaterType>
    <usNaturalDirt>200</usNaturalDirt>
   </SECTOR>
   <SECTOR>
    <SectorGrid>G16</SectorGrid>
    <szUnexploredName>Swamp</szUnexploredName>
    <szDetailedUnexploredName>Swamp</szDetailedUnexploredName>
    <szExploredName>Swamp</szExploredName>
    <szDetailedExploredName>Swamp</szDetailedExploredName>
    <sWaterType>1</sWaterType>
    <usNaturalDirt>500</usNaturalDirt>
   </SECTOR>
   <SECTOR>
    <SectorGrid>H1</SectorGrid>
    <szUnexploredName>Grumm</szUnexploredName>
    <szDetailedUnexploredName>Grumm</szDetailedUnexploredName>
    <szExploredName>Grumm</szExploredName>
    <szDetailedExploredName>Grumm</szDetailedExploredName>
    <sWaterType>1</sWaterType>
    <usNaturalDirt>100</usNaturalDirt>
   </SECTOR>
   <SECTOR>
    <SectorGrid>H2</SectorGrid>
    <szUnexploredName>Grumm</szUnexploredName>
    <szDetailedUnexploredName>Grumm</szDetailedUnexploredName>
    <szExploredName>Grumm</szExploredName>
    <szDetailedExploredName>Grumm</szDetailedExploredName>
    <sWaterType>3</sWaterType>
    <usNaturalDirt>100</usNaturalDirt>
    <usCurfewValue>1</usCurfewValue>
   </SECTOR>
   <SECTOR>
    <SectorGrid>H3</SectorGrid>
    <szUnexploredName>Grumm Mine</szUnexploredName>
    <szDetailedUnexploredName>Grumm Mine</szDetailedUnexploredName>
    <szExploredName>Grumm Mine</szExploredName>
    <szDetailedExploredName>Grumm Mine</szDetailedExploredName>
    <sWaterType>3</sWaterType>
    <usNaturalDirt>150</usNaturalDirt>
    <usCurfewValue>1</usCurfewValue>
   </SECTOR>
   <SECTOR>
    <SectorGrid>H4</SectorGrid>
    <szUnexploredName>Forest</szUnexploredName>
    <szDetailedUnexploredName>Forest</szDetailedUnexploredName>
    <szExploredName>Forest</szExploredName>
    <szDetailedExploredName>Forest</szDetailedExploredName>
    <sWaterType>0</sWaterType>
    <usNaturalDirt>200</usNaturalDirt>
   </SECTOR>
   <SECTOR>
    <SectorGrid>H5</SectorGrid>
    <szUnexploredName>Hills</szUnexploredName>
    <szDetailedUnexploredName>Hills</szDetailedUnexploredName>
    <szExploredName>Hills</szExploredName>
    <szDetailedExploredName>Hills</szDetailedExploredName>
    <sWaterType>0</sWaterType>
    <usNaturalDirt>130</usNaturalDirt>
   </SECTOR>
   <SECTOR>
    <SectorGrid>H6</SectorGrid>
    <szUnexploredName>Mountain, road</szUnexploredName>
    <szDetailedUnexploredName>Mountain, road</szDetailedUnexploredName>
    <szExploredName>Mountain, road</szExploredName>
    <szDetailedExploredName>Mountain, road</szDetailedExploredName>
    <sWaterType>0</sWaterType>
    <usNaturalDirt>140</usNaturalDirt>
   </SECTOR>
   <SECTOR>
    <SectorGrid>H7</SectorGrid>
    <szUnexploredName>Plains</szUnexploredName>
    <szDetailedUnexploredName>Plains</szDetailedUnexploredName>
    <szExploredName>Plains</szExploredName>
    <szDetailedExploredName>Plains</szDetailedExploredName>
    <sWaterType>0</sWaterType>
    <usNaturalDirt>160</usNaturalDirt>
   </SECTOR>  
   <SECTOR>
    <SectorGrid>H8</SectorGrid>
    <szUnexploredName>Cambria Refinery</szUnexploredName>
    <szDetailedUnexploredName>Cambria Refinery</szDetailedUnexploredName>
    <szExploredName>Cambria Refinery</szExploredName>
    <szDetailedExploredName>Cambria Refinery</szDetailedExploredName>
    <sWaterType>0</sWaterType>
    <usNaturalDirt>130</usNaturalDirt>
    <usCurfewValue>1</usCurfewValue>
   </SECTOR>
   <SECTOR>
    <SectorGrid>H9</SectorGrid>
    <szUnexploredName>Plains</szUnexploredName>
    <szDetailedUnexploredName>Plains</szDetailedUnexploredName>
    <szExploredName>Plains</szExploredName>
    <szDetailedExploredName>Plains</szDetailedExploredName>
    <sWaterType>0</sWaterType>
    <usNaturalDirt>160</usNaturalDirt>
   </SECTOR>
   <SECTOR>
    <SectorGrid>H10</SectorGrid>
    <szUnexploredName>Desert</szUnexploredName>
    <szDetailedUnexploredName>Desert</szDetailedUnexploredName>
    <szExploredName>Desert</szExploredName>
    <szDetailedExploredName>Desert</szDetailedExploredName>
    <sWaterType>0</sWaterType>
    <usNaturalDirt>1000</usNaturalDirt>
   </SECTOR>
   <SECTOR>
    <SectorGrid>H11</SectorGrid>
    <szUnexploredName>Desert</szUnexploredName>
    <szDetailedUnexploredName>Desert</szDetailedUnexploredName>
    <szExploredName>Desert</szExploredName>
    <szDetailedExploredName>Desert</szDetailedExploredName>
    <sWaterType>0</sWaterType>
    <usNaturalDirt>1000</usNaturalDirt>
   </SECTOR>
   <SECTOR>
    <SectorGrid>H12</SectorGrid>
    <szUnexploredName>Plains, road</szUnexploredName>
    <szDetailedUnexploredName>Plains, road</szDetailedUnexploredName>
    <szExploredName>Plains, road</szExploredName>
    <szDetailedExploredName>Plains, road</szDetailedExploredName>
    <sWaterType>0</sWaterType>
    <usNaturalDirt>150</usNaturalDirt>
   </SECTOR>
   <SECTOR>
    <SectorGrid>H13</SectorGrid>
    <szUnexploredName>Alma</szUnexploredName>
    <szDetailedUnexploredName>Alma</szDetailedUnexploredName>
    <szExploredName>Alma</szExploredName>
    <szDetailedExploredName>Alma</szDetailedExploredName>
    <sWaterType>1</sWaterType>
    <usNaturalDirt>100</usNaturalDirt>
    <usCurfewValue>2</usCurfewValue>
    <sRadioScanModifier>1</sRadioScanModifier>
   </SECTOR>
   <SECTOR>
    <SectorGrid>H14</SectorGrid>
    <szUnexploredName>Alma</szUnexploredName>
    <szDetailedUnexploredName>Alma</szDetailedUnexploredName>
    <szExploredName>Alma</szExploredName>
    <szDetailedExploredName>Alma</szDetailedExploredName>
    <sWaterType>1</sWaterType>
    <usNaturalDirt>100</usNaturalDirt>
    <usCurfewValue>2</usCurfewValue>
   </SECTOR>
   <SECTOR>
    <SectorGrid>H15</SectorGrid>
    <szUnexploredName>Swamp</szUnexploredName>
    <szDetailedUnexploredName>Swamp</szDetailedUnexploredName>
    <szExploredName>Swamp</szExploredName>
    <szDetailedExploredName>Swamp</szDetailedExploredName>
    <sWaterType>1</sWaterType>
    <usNaturalDirt>500</usNaturalDirt>
   </SECTOR>
   <SECTOR>
    <SectorGrid>H16</SectorGrid>
    <szUnexploredName>Woods</szUnexploredName>
    <szDetailedUnexploredName>Woods</szDetailedUnexploredName>
    <szExploredName>Woods</szExploredName>
    <szDetailedExploredName>Woods</szDetailedExploredName>
    <sWaterType>1</sWaterType>
    <usNaturalDirt>200</usNaturalDirt>
   </SECTOR>
   <SECTOR>
    <SectorGrid>I1</SectorGrid>
    <szUnexploredName>Impassable</szUnexploredName>
    <szDetailedUnexploredName>Impassable</szDetailedUnexploredName>
    <szExploredName>Impassable</szExploredName>
    <szDetailedExploredName>Impassable</szDetailedExploredName>
    <sWaterType>2</sWaterType>
    <usNaturalDirt>100</usNaturalDirt>
   </SECTOR>
   <SECTOR>
    <SectorGrid>I2</SectorGrid>
    <szUnexploredName>Impassable</szUnexploredName>
    <szDetailedUnexploredName>Impassable</szDetailedUnexploredName>
    <szExploredName>Impassable</szExploredName>
    <szDetailedExploredName>Impassable</szDetailedExploredName>
    <sWaterType>2</sWaterType>
    <usNaturalDirt>100</usNaturalDirt>
   </SECTOR>
   <SECTOR>
    <SectorGrid>I3</SectorGrid>
    <szUnexploredName>Coastal, road</szUnexploredName>
    <szDetailedUnexploredName>Coastal, road</szDetailedUnexploredName>
    <szExploredName>Coastal, road</szExploredName>
    <szDetailedExploredName>Coastal, road</szDetailedExploredName>
    <sWaterType>2</sWaterType>
    <usNaturalDirt>140</usNaturalDirt>
   </SECTOR>
   <SECTOR>
    <SectorGrid>I4</SectorGrid>
    <szUnexploredName>Forest</szUnexploredName>
    <szDetailedUnexploredName>Forest</szDetailedUnexploredName>
    <szExploredName>Forest</szExploredName>
    <szDetailedExploredName>Forest</szDetailedExploredName>
    <sWaterType>0</sWaterType>
    <usNaturalDirt>200</usNaturalDirt>
   </SECTOR>
   <SECTOR>
    <SectorGrid>I5</SectorGrid>
    <szUnexploredName>Woods</szUnexploredName>
    <szDetailedUnexploredName>Woods</szDetailedUnexploredName>
    <szExploredName>Woods</szExploredName>
    <szDetailedExploredName>Woods</szDetailedExploredName>
    <sWaterType>0</sWaterType>
    <usNaturalDirt>200</usNaturalDirt>
   </SECTOR>
   <SECTOR>
    <SectorGrid>I6</SectorGrid>
    <szUnexploredName>Estoni</szUnexploredName>
    <szDetailedUnexploredName>Estoni</szDetailedUnexploredName>
    <szExploredName>Estoni</szExploredName>
    <szDetailedExploredName>Estoni</szDetailedExploredName>
    <sWaterType>3</sWaterType>
    <usNaturalDirt>135</usNaturalDirt>
   </SECTOR>
   <SECTOR>
    <SectorGrid>I7</SectorGrid>
    <szUnexploredName>Woods</szUnexploredName>
    <szDetailedUnexploredName>Woods</szDetailedUnexploredName>
    <szExploredName>Woods</szExploredName>
    <szDetailedExploredName>Woods</szDetailedExploredName>
    <sWaterType>0</sWaterType>
    <usNaturalDirt>200</usNaturalDirt>
   </SECTOR>
   <SECTOR>
    <SectorGrid>I8</SectorGrid>
    <szUnexploredName>Desert</szUnexploredName>
    <szDetailedUnexploredName>Desert</szDetailedUnexploredName>
    <szExploredName>SAM Site</szExploredName>
    <szDetailedExploredName>Desert, SAM Site</szDetailedExploredName>
    <sWaterType>1</sWaterType>
    <usNaturalDirt>850</usNaturalDirt>
    <usCurfewValue>2</usCurfewValue>
    <sRadioScanModifier>2</sRadioScanModifier>
   </SECTOR>
   <SECTOR>
    <SectorGrid>I9</SectorGrid>
    <szUnexploredName>Desert</szUnexploredName>
    <szDetailedUnexploredName>Desert</szDetailedUnexploredName>
    <szExploredName>Desert</szExploredName>
    <szDetailedExploredName>Desert</szDetailedExploredName>
    <sWaterType>0</sWaterType>
    <usNaturalDirt>1000</usNaturalDirt>
   </SECTOR>
   <SECTOR>
    <SectorGrid>I10</SectorGrid>
    <szUnexploredName>Desert</szUnexploredName>
    <szDetailedUnexploredName>Desert</szDetailedUnexploredName>
    <szExploredName>Desert</szExploredName>
    <szDetailedExploredName>Desert</szDetailedExploredName>
    <sWaterType>0</sWaterType>
    <usNaturalDirt>1000</usNaturalDirt>
   </SECTOR>
   <SECTOR>
    <SectorGrid>I11</SectorGrid>
    <szUnexploredName>Plains</szUnexploredName>
    <szDetailedUnexploredName>Plains</szDetailedUnexploredName>
    <szExploredName>Plains</szExploredName>
    <szDetailedExploredName>Plains</szDetailedExploredName>
    <sWaterType>0</sWaterType>
    <usNaturalDirt>170</usNaturalDirt>
   </SECTOR>
   <SECTOR>
    <SectorGrid>I12</SectorGrid>
    <szUnexploredName>Plains</szUnexploredName>
    <szDetailedUnexploredName>Plains</szDetailedUnexploredName>
    <szExploredName>Plains</szExploredName>
    <szDetailedExploredName>Plains</szDetailedExploredName>
    <sWaterType>0</sWaterType>
    <usNaturalDirt>170</usNaturalDirt>
   </SECTOR>
   <SECTOR>
    <SectorGrid>I13</SectorGrid>
    <szUnexploredName>Alma</szUnexploredName>
    <szDetailedUnexploredName>Alma</szDetailedUnexploredName>
    <szExploredName>Alma</szExploredName>
    <szDetailedExploredName>Alma</szDetailedExploredName>
    <sWaterType>1</sWaterType>
    <usNaturalDirt>100</usNaturalDirt>
    <usCurfewValue>2</usCurfewValue>
    <usPrisonRoomNumber00>38</usPrisonRoomNumber00>
    <usPrisonRoomNumber01>39</usPrisonRoomNumber01>
    <usPrisonRoomNumber02>40</usPrisonRoomNumber02>
    <usPrisonRoomNumber03>41</usPrisonRoomNumber03>
    <usPrisonRoomNumber04>42</usPrisonRoomNumber04>
    <usPrisonRoomNumber05>43</usPrisonRoomNumber05>
    <usPrisonRoomNumber06>44</usPrisonRoomNumber06>
    <usPrisonRoomNumber07>45</usPrisonRoomNumber07>
    <usPrisonRoomNumber08>46</usPrisonRoomNumber08>
    <usPrisonRoomNumber09>47</usPrisonRoomNumber09>
    <usPrisonRoomNumber10>48</usPrisonRoomNumber10>
    <usPrisonRoomNumber11>49</usPrisonRoomNumber11>
    <usPrisonRoomNumber12>50</usPrisonRoomNumber12>
    <usPrisonRoomNumber13>51</usPrisonRoomNumber13>
   </SECTOR>
    <SECTOR>
    <SectorGrid>I14</SectorGrid>
    <szUnexploredName>Alma Mine</szUnexploredName>
    <szDetailedUnexploredName>Alma Mine</szDetailedUnexploredName>
    <szExploredName>Alma Mine</szExploredName>
    <szDetailedExploredName>Alma Mine</szDetailedExploredName>
    <sWaterType>1</sWaterType>
    <usNaturalDirt>100</usNaturalDirt>
   </SECTOR>
   <SECTOR>
    <SectorGrid>I15</SectorGrid>
    <szUnexploredName>Woods</szUnexploredName>
    <szDetailedUnexploredName>Woods</szDetailedUnexploredName>
    <szExploredName>Woods</szExploredName>
    <szDetailedExploredName>Woods</szDetailedExploredName>
    <sWaterType>1</sWaterType>
    <usNaturalDirt>200</usNaturalDirt>
   </SECTOR>
   <SECTOR>
    <SectorGrid>I16</SectorGrid>
    <szUnexploredName>Woods</szUnexploredName>
    <szDetailedUnexploredName>Woods</szDetailedUnexploredName>
    <szExploredName>Woods</szExploredName>
    <szDetailedExploredName>Woods</szDetailedExploredName>
    <sWaterType>0</sWaterType>
    <usNaturalDirt>200</usNaturalDirt>
   </SECTOR>
   <SECTOR>
    <SectorGrid>J1</SectorGrid>
    <szUnexploredName>Impassable</szUnexploredName>
    <szDetailedUnexploredName>Impassable</szDetailedUnexploredName>
    <szExploredName>Impassable</szExploredName>
    <szDetailedExploredName>Impassable</szDetailedExploredName>
    <sWaterType>2</sWaterType>
    <usNaturalDirt>100</usNaturalDirt>
   </SECTOR>
   <SECTOR>
    <SectorGrid>J2</SectorGrid>
    <szUnexploredName>Coastal, road</szUnexploredName>
    <szDetailedUnexploredName>Coastal, road</szDetailedUnexploredName>
    <szExploredName>Coastal, road</szExploredName>
    <szDetailedExploredName>Coastal, road</szDetailedExploredName>
    <sWaterType>2</sWaterType>
    <usNaturalDirt>140</usNaturalDirt>
   </SECTOR>
   <SECTOR>
    <SectorGrid>J3</SectorGrid>
    <szUnexploredName>Coastal, road</szUnexploredName>
    <szDetailedUnexploredName>Coastal, road</szDetailedUnexploredName>
    <szExploredName>Coastal, road</szExploredName>
    <szDetailedExploredName>Coastal, road</szDetailedExploredName>
    <sWaterType>0</sWaterType>
    <usNaturalDirt>140</usNaturalDirt>
   </SECTOR>
   <SECTOR>
    <SectorGrid>J4</SectorGrid>
    <szUnexploredName>Swamp</szUnexploredName>
    <szDetailedUnexploredName>Swamp</szDetailedUnexploredName>
    <szExploredName>Swamp</szExploredName>
    <szDetailedExploredName>Swamp</szDetailedExploredName>
    <sWaterType>3</sWaterType>
    <usNaturalDirt>500</usNaturalDirt>
   </SECTOR>
   <SECTOR>
    <SectorGrid>J5</SectorGrid>
    <szUnexploredName>Swamp</szUnexploredName>
    <szDetailedUnexploredName>Swamp</szDetailedUnexploredName>
    <szExploredName>Swamp</szExploredName>
    <szDetailedExploredName>Swamp</szDetailedExploredName>
    <sWaterType>3</sWaterType>
    <usNaturalDirt>500</usNaturalDirt>
   </SECTOR>
   <SECTOR>
    <SectorGrid>J6</SectorGrid>
    <szUnexploredName>Woods</szUnexploredName>
    <szDetailedUnexploredName>Woods</szDetailedUnexploredName>
    <szExploredName>Woods</szExploredName>
    <szDetailedExploredName>Woods</szDetailedExploredName>
    <sWaterType>0</sWaterType>
    <usNaturalDirt>200</usNaturalDirt>
   </SECTOR>
   <SECTOR>
    <SectorGrid>J7</SectorGrid>
    <szUnexploredName>Woods</szUnexploredName>
    <szDetailedUnexploredName>Woods</szDetailedUnexploredName>
    <szExploredName>Woods</szExploredName>
    <szDetailedExploredName>Woods</szDetailedExploredName>
    <sWaterType>0</sWaterType>
    <usNaturalDirt>200</usNaturalDirt>
   </SECTOR>
   <SECTOR>
    <SectorGrid>J8</SectorGrid>
    <szUnexploredName>Desert</szUnexploredName>
    <szDetailedUnexploredName>Desert</szDetailedUnexploredName>
    <szExploredName>Desert</szExploredName>
    <szDetailedExploredName>Desert</szDetailedExploredName>
    <sWaterType>0</sWaterType>
    <usNaturalDirt>1000</usNaturalDirt>
   </SECTOR>
   <SECTOR>
    <SectorGrid>J9</SectorGrid>
    <szUnexploredName>Desert</szUnexploredName>
    <szDetailedUnexploredName>Desert</szDetailedUnexploredName>
    <szExploredName>Tixa</szExploredName>
    <szDetailedExploredName>Tixa</szDetailedExploredName>
    <sWaterType>0</sWaterType>
    <usNaturalDirt>1000</usNaturalDirt>
    <usCurfewValue>2</usCurfewValue>
    <sRadioScanModifier>1</sRadioScanModifier>
    <usPrisonRoomNumber00>5</usPrisonRoomNumber00>
    <usPrisonRoomNumber01>6</usPrisonRoomNumber01>
    <usPrisonRoomNumber02>7</usPrisonRoomNumber02>
    <usPrisonRoomNumber03>8</usPrisonRoomNumber03>
    <usPrisonRoomNumber04>9</usPrisonRoomNumber04>
    <usPrisonRoomNumber05>10</usPrisonRoomNumber05>
    <usPrisonRoomNumber06>11</usPrisonRoomNumber06>
    <usPrisonRoomNumber07>12</usPrisonRoomNumber07>
    <usPrisonRoomNumber08>13</usPrisonRoomNumber08>
    <usPrisonRoomNumber09>14</usPrisonRoomNumber09>
    <usPrisonRoomNumber10>15</usPrisonRoomNumber10>
    <usPrisonRoomNumber11>16</usPrisonRoomNumber11>
    <usPrisonRoomNumber12>17</usPrisonRoomNumber12>
    <usPrisonRoomNumber13>18</usPrisonRoomNumber13>
    <usPrisonRoomNumber14>19</usPrisonRoomNumber14>
    <usPrisonRoomNumber15>20</usPrisonRoomNumber15>
   </SECTOR>
   <SECTOR>
    <SectorGrid>J10</SectorGrid>
    <szUnexploredName>Desert</szUnexploredName>
    <szDetailedUnexploredName>Desert</szDetailedUnexploredName>
    <szExploredName>Desert</szExploredName>
    <szDetailedExploredName>Desert</szDetailedExploredName>
    <sWaterType>0</sWaterType>
    <usNaturalDirt>1000</usNaturalDirt>
   </SECTOR>
   <SECTOR>
    <SectorGrid>J11</SectorGrid>
    <szUnexploredName>Desert</szUnexploredName>
    <szDetailedUnexploredName>Desert</szDetailedUnexploredName>
    <szExploredName>Desert</szExploredName>
    <szDetailedExploredName>Desert</szDetailedExploredName>
    <sWaterType>0</sWaterType>
    <usNaturalDirt>1000</usNaturalDirt>
   </SECTOR>
   <SECTOR>
    <SectorGrid>J12</SectorGrid>
    <szUnexploredName>Woods</szUnexploredName>
    <szDetailedUnexploredName>Woods</szDetailedUnexploredName>
    <szExploredName>Woods</szExploredName>
    <szDetailedExploredName>Woods</szDetailedExploredName>
    <sWaterType>0</sWaterType>
    <usNaturalDirt>200</usNaturalDirt>
   </SECTOR>
   <SECTOR>
    <SectorGrid>J13</SectorGrid>
    <szUnexploredName>Woods</szUnexploredName>
    <szDetailedUnexploredName>Woods</szDetailedUnexploredName>
    <szExploredName>Woods</szExploredName>
    <szDetailedExploredName>Woods</szDetailedExploredName>
    <sWaterType>0</sWaterType>
    <usNaturalDirt>200</usNaturalDirt>
   </SECTOR>
   <SECTOR>
    <SectorGrid>J14</SectorGrid>
    <szUnexploredName>Farm, road</szUnexploredName>
    <szDetailedUnexploredName>Farm, road</szDetailedUnexploredName>
    <szExploredName>Farm, road</szExploredName>
    <szDetailedExploredName>Farm, road</szDetailedExploredName>
    <sWaterType>0</sWaterType>
    <usNaturalDirt>175</usNaturalDirt>
   </SECTOR>
   <SECTOR>
    <SectorGrid>J15</SectorGrid>
    <szUnexploredName>Woods</szUnexploredName>
    <szDetailedUnexploredName>Woods</szDetailedUnexploredName>
    <szExploredName>Woods</szExploredName>
    <szDetailedExploredName>Woods</szDetailedExploredName>
    <sWaterType>0</sWaterType>
    <usNaturalDirt>200</usNaturalDirt>
   </SECTOR>
   <SECTOR>
    <SectorGrid>J16</SectorGrid>
    <szUnexploredName>Unknown</szUnexploredName>
    <szDetailedUnexploredName>Unknown</szDetailedUnexploredName>
    <szExploredName>Unknown</szExploredName>
    <szDetailedExploredName>Unknown</szDetailedExploredName>
    <sWaterType>0</sWaterType>
    <usNaturalDirt>100</usNaturalDirt>
   </SECTOR>
   <SECTOR>
    <SectorGrid>K1</SectorGrid>
    <szUnexploredName>Impassable</szUnexploredName>
    <szDetailedUnexploredName>Impassable</szDetailedUnexploredName>
    <szExploredName>Impassable</szExploredName>
    <szDetailedExploredName>Impassable</szDetailedExploredName>
    <sWaterType>2</sWaterType>
    <usNaturalDirt>100</usNaturalDirt>
   </SECTOR>
   <SECTOR>
    <SectorGrid>K2</SectorGrid>
    <szUnexploredName>Coastal, road</szUnexploredName>
    <szDetailedUnexploredName>Coastal, road</szDetailedUnexploredName>
    <szExploredName>Coastal, road</szExploredName>
    <szDetailedExploredName>Coastal, road</szDetailedExploredName>
    <sWaterType>2</sWaterType>
    <usNaturalDirt>140</usNaturalDirt>
   </SECTOR>
   <SECTOR>
    <SectorGrid>K3</SectorGrid>
    <szUnexploredName>Swamp</szUnexploredName>
    <szDetailedUnexploredName>Swamp</szDetailedUnexploredName>
    <szExploredName>Swamp</szExploredName>
    <szDetailedExploredName>Swamp</szDetailedExploredName>
    <sWaterType>3</sWaterType>
    <usNaturalDirt>500</usNaturalDirt>
   </SECTOR>
   <SECTOR>
    <SectorGrid>K4</SectorGrid>
    <szUnexploredName>Swamp</szUnexploredName>
    <szDetailedUnexploredName>Swamp</szDetailedUnexploredName>
    <szExploredName>Orta</szExploredName>
    <szDetailedExploredName>Orta Military Base</szDetailedExploredName>
    <sWaterType>1</sWaterType>
    <usNaturalDirt>500</usNaturalDirt>
    <usCurfewValue>2</usCurfewValue>
   </SECTOR>
   <SECTOR>
    <SectorGrid>K5</SectorGrid>
    <szUnexploredName>Swamp</szUnexploredName>
    <szDetailedUnexploredName>Swamp</szDetailedUnexploredName>
    <szExploredName>Swamp</szExploredName>
    <szDetailedExploredName>Swamp</szDetailedExploredName>
    <sWaterType>3</sWaterType>
    <usNaturalDirt>500</usNaturalDirt>
   </SECTOR>
   <SECTOR>
    <SectorGrid>K6</SectorGrid>
    <szUnexploredName>Plains, road</szUnexploredName>
    <szDetailedUnexploredName>Plains, road</szDetailedUnexploredName>
    <szExploredName>Plains, road</szExploredName>
    <szDetailedExploredName>Plains, road</szDetailedExploredName>
    <sWaterType>0</sWaterType>
    <usNaturalDirt>150</usNaturalDirt>
   </SECTOR>
   <SECTOR>
    <SectorGrid>K7</SectorGrid>
    <szUnexploredName>Desert, road</szUnexploredName>
    <szDetailedUnexploredName>Desert, road</szDetailedUnexploredName>
    <szExploredName>Desert, road</szExploredName>
    <szDetailedExploredName>Desert, road</szDetailedExploredName>
    <sWaterType>0</sWaterType>
    <usNaturalDirt>900</usNaturalDirt>
   </SECTOR>
   <SECTOR>
    <SectorGrid>K8</SectorGrid>
    <szUnexploredName>Desert, road</szUnexploredName>
    <szDetailedUnexploredName>Desert, road</szDetailedUnexploredName>
    <szExploredName>Desert, road</szExploredName>
    <szDetailedExploredName>Desert, road</szDetailedExploredName>
    <sWaterType>0</sWaterType>
    <usNaturalDirt>900</usNaturalDirt>
   </SECTOR>
   <SECTOR>
    <SectorGrid>K9</SectorGrid>
    <szUnexploredName>Desert, road</szUnexploredName>
    <szDetailedUnexploredName>Desert, road</szDetailedUnexploredName>
    <szExploredName>Desert, road</szExploredName>
    <szDetailedExploredName>Desert, road</szDetailedExploredName>
    <sWaterType>0</sWaterType>
    <usNaturalDirt>900</usNaturalDirt>
   </SECTOR>
   <SECTOR>
    <SectorGrid>K10</SectorGrid>
    <szUnexploredName>Desert, road</szUnexploredName>
    <szDetailedUnexploredName>Desert, road</szDetailedUnexploredName>
    <szExploredName>Desert, road</szExploredName>
    <szDetailedExploredName>Desert, road</szDetailedExploredName>
    <sWaterType>0</sWaterType>
    <usNaturalDirt>900</usNaturalDirt>
   </SECTOR>
   <SECTOR>
    <SectorGrid>K11</SectorGrid>
    <szUnexploredName>Desert, road</szUnexploredName>
    <szDetailedUnexploredName>Desert, road</szDetailedUnexploredName>
    <szExploredName>Desert, road</szExploredName>
    <szDetailedExploredName>Desert, road</szDetailedExploredName>
    <sWaterType>0</sWaterType>
    <usNaturalDirt>900</usNaturalDirt>
   </SECTOR>
   <SECTOR>
    <SectorGrid>K12</SectorGrid>
    <szUnexploredName>Desert, road</szUnexploredName>
    <szDetailedUnexploredName>Desert, road</szDetailedUnexploredName>
    <szExploredName>Desert, road</szExploredName>
    <szDetailedExploredName>Desert, road</szDetailedExploredName>
    <sWaterType>0</sWaterType>
    <usNaturalDirt>900</usNaturalDirt>
   </SECTOR>
   <SECTOR>
    <SectorGrid>K13</SectorGrid>
    <szUnexploredName>Woods</szUnexploredName>
    <szDetailedUnexploredName>Woods</szDetailedUnexploredName>
    <szExploredName>Woods</szExploredName>
    <szDetailedExploredName>Woods</szDetailedExploredName>
    <sWaterType>0</sWaterType>
    <usNaturalDirt>200</usNaturalDirt>
   </SECTOR>
   <SECTOR>
    <SectorGrid>K14</SectorGrid>
    <szUnexploredName>Woods</szUnexploredName>
    <szDetailedUnexploredName>Woods</szDetailedUnexploredName>
    <szExploredName>Woods</szExploredName>
    <szDetailedExploredName>Woods</szDetailedExploredName>
    <sWaterType>0</sWaterType>
    <usNaturalDirt>200</usNaturalDirt>
   </SECTOR>
   <SECTOR>
    <SectorGrid>K15</SectorGrid>
    <szUnexploredName>Forest</szUnexploredName>
    <szDetailedUnexploredName>Forest</szDetailedUnexploredName>
    <szExploredName>Forest</szExploredName>
    <szDetailedExploredName>Forest</szDetailedExploredName>
    <sWaterType>0</sWaterType>
    <usNaturalDirt>190</usNaturalDirt>
   </SECTOR>
   <SECTOR>
    <SectorGrid>K16</SectorGrid>
    <szUnexploredName>Unknown</szUnexploredName>
    <szDetailedUnexploredName>Unknown</szDetailedUnexploredName>
    <szExploredName>Unknown</szExploredName>
    <szDetailedExploredName>Unknown</szDetailedExploredName>
    <sWaterType>0</sWaterType>
    <usNaturalDirt>100</usNaturalDirt>
   </SECTOR> 
   <SECTOR>
    <SectorGrid>L1</SectorGrid>
    <szUnexploredName>Coastline</szUnexploredName>
    <szDetailedUnexploredName>Coastline</szDetailedUnexploredName>
    <szExploredName>Coastline</szExploredName>
    <szDetailedExploredName>Coastline</szDetailedExploredName>
    <sWaterType>2</sWaterType>
    <usNaturalDirt>150</usNaturalDirt>
   </SECTOR>
   <SECTOR>
    <SectorGrid>L2</SectorGrid>
    <szUnexploredName>Coastal, road</szUnexploredName>
    <szDetailedUnexploredName>Coastal, road</szDetailedUnexploredName>
    <szExploredName>Coastal, road</szExploredName>
    <szDetailedExploredName>Coastal, road</szDetailedExploredName>
    <sWaterType>2</sWaterType>
    <usNaturalDirt>140</usNaturalDirt>
   </SECTOR>
   <SECTOR>
    <SectorGrid>L3</SectorGrid>
    <szUnexploredName>Swamp</szUnexploredName>
    <szDetailedUnexploredName>Swamp</szDetailedUnexploredName>
    <szExploredName>Swamp</szExploredName>
    <szDetailedExploredName>Swamp</szDetailedExploredName>
    <sWaterType>3</sWaterType>
    <usNaturalDirt>500</usNaturalDirt>
   </SECTOR>
   <SECTOR>
    <SectorGrid>L4</SectorGrid>
    <szUnexploredName>Swamp</szUnexploredName>
    <szDetailedUnexploredName>Swamp</szDetailedUnexploredName>
    <szExploredName>Swamp</szExploredName>
    <szDetailedExploredName>Swamp</szDetailedExploredName>
    <sWaterType>4</sWaterType>
    <usNaturalDirt>500</usNaturalDirt>
   </SECTOR>
   <SECTOR>
    <SectorGrid>L5</SectorGrid>
    <szUnexploredName>Forest</szUnexploredName>
    <szDetailedUnexploredName>Forest</szDetailedUnexploredName>
    <szExploredName>Forest</szExploredName>
    <szDetailedExploredName>Forest</szDetailedExploredName>
    <sWaterType>0</sWaterType>
    <usNaturalDirt>180</usNaturalDirt>
   </SECTOR>
   <SECTOR>
    <SectorGrid>L6</SectorGrid>
    <szUnexploredName>Plains, road</szUnexploredName>
    <szDetailedUnexploredName>Plains, road</szDetailedUnexploredName>
    <szExploredName>Plains, road</szExploredName>
    <szDetailedExploredName>Plains, road</szDetailedExploredName>
    <sWaterType>0</sWaterType>
    <usNaturalDirt>160</usNaturalDirt>
   </SECTOR>
   <SECTOR>
    <SectorGrid>L7</SectorGrid>
    <szUnexploredName>Plains</szUnexploredName>
    <szDetailedUnexploredName>Plains</szDetailedUnexploredName>
    <szExploredName>Plains</szExploredName>
    <szDetailedExploredName>Plains</szDetailedExploredName>
    <sWaterType>0</sWaterType>
    <usNaturalDirt>170</usNaturalDirt>
   </SECTOR>
    <SECTOR>
    <SectorGrid>L8</SectorGrid>
    <szUnexploredName>Desert</szUnexploredName>
    <szDetailedUnexploredName>Desert</szDetailedUnexploredName>
    <szExploredName>Desert</szExploredName>
    <szDetailedExploredName>Desert</szDetailedExploredName>
    <sWaterType>0</sWaterType>
    <usNaturalDirt>1000</usNaturalDirt>
   </SECTOR>
   <SECTOR>
    <SectorGrid>L9</SectorGrid>
    <szUnexploredName>Plains</szUnexploredName>
    <szDetailedUnexploredName>Plains</szDetailedUnexploredName>
    <szExploredName>Plains</szExploredName>
    <szDetailedExploredName>Plains</szDetailedExploredName>
    <sWaterType>0</sWaterType>
    <usNaturalDirt>170</usNaturalDirt>
   </SECTOR>
   <SECTOR>
    <SectorGrid>L10</SectorGrid>
    <szUnexploredName>Woods</szUnexploredName>
    <szDetailedUnexploredName>Woods</szDetailedUnexploredName>
    <szExploredName>Woods</szExploredName>
    <szDetailedExploredName>Woods</szDetailedExploredName>
    <sWaterType>1</sWaterType>
    <usNaturalDirt>200</usNaturalDirt>
   </SECTOR>
   <SECTOR>
    <SectorGrid>L11</SectorGrid>
    <szUnexploredName>Balime</szUnexploredName>
    <szDetailedUnexploredName>Balime</szDetailedUnexploredName>
    <szExploredName>Balime</szExploredName>
    <szDetailedExploredName>Balime</szDetailedExploredName>
    <sWaterType>1</sWaterType>
    <usNaturalDirt>100</usNaturalDirt>
   </SECTOR>
   <SECTOR>
    <SectorGrid>L12</SectorGrid>
    <szUnexploredName>Balime</szUnexploredName>
    <szDetailedUnexploredName>Balime</szDetailedUnexploredName>
    <szExploredName>Balime</szExploredName>
    <szDetailedExploredName>Balime</szDetailedExploredName>
    <sWaterType>1</sWaterType>
    <usNaturalDirt>100</usNaturalDirt>
   </SECTOR>
   <SECTOR>
    <SectorGrid>L13</SectorGrid>
    <szUnexploredName>Coastline</szUnexploredName>
    <szDetailedUnexploredName>Coastline</szDetailedUnexploredName>
    <szExploredName>Coastline</szExploredName>
    <szDetailedExploredName>Coastline</szDetailedExploredName>
    <sWaterType>3</sWaterType>
    <usNaturalDirt>150</usNaturalDirt>
   </SECTOR>
   <SECTOR>
    <SectorGrid>L14</SectorGrid>
    <szUnexploredName>Swamp</szUnexploredName>
    <szDetailedUnexploredName>Swamp</szDetailedUnexploredName>
    <szExploredName>Swamp</szExploredName>
    <szDetailedExploredName>Swamp</szDetailedExploredName>
    <sWaterType>3</sWaterType>
    <usNaturalDirt>500</usNaturalDirt>
   </SECTOR>
   <SECTOR>
    <SectorGrid>L15</SectorGrid>
    <szUnexploredName>Forest</szUnexploredName>
    <szDetailedUnexploredName>Forest</szDetailedUnexploredName>
    <szExploredName>Forest</szExploredName>
    <szDetailedExploredName>Forest</szDetailedExploredName>
    <sWaterType>0</sWaterType>
    <usNaturalDirt>180</usNaturalDirt>
   </SECTOR>
   <SECTOR>
    <SectorGrid>L16</SectorGrid>
    <szUnexploredName>Unknown</szUnexploredName>
    <szDetailedUnexploredName>Unknown</szDetailedUnexploredName>
    <szExploredName>Unknown</szExploredName>
    <szDetailedExploredName>Unknown</szDetailedExploredName>
    <sWaterType>0</sWaterType>
    <usNaturalDirt>100</usNaturalDirt>
   </SECTOR>
   <SECTOR>
    <SectorGrid>M1</SectorGrid>
    <szUnexploredName>Impassable</szUnexploredName>
    <szDetailedUnexploredName>Impassable</szDetailedUnexploredName>
    <szExploredName>Impassable</szExploredName>
    <szDetailedExploredName>Impassable</szDetailedExploredName>
    <sWaterType>2</sWaterType>
    <usNaturalDirt>100</usNaturalDirt>
   </SECTOR>
   <SECTOR>
    <SectorGrid>M2</SectorGrid>
    <szUnexploredName>Coastal, road</szUnexploredName>
    <szDetailedUnexploredName>Coastal, road</szDetailedUnexploredName>
    <szExploredName>Coastal, road</szExploredName>
    <szDetailedExploredName>Coastal, road</szDetailedExploredName>
    <sWaterType>2</sWaterType>
    <usNaturalDirt>140</usNaturalDirt>
    <usCurfewValue>2</usCurfewValue>
   </SECTOR> 
   <SECTOR>
    <SectorGrid>M3</SectorGrid>
    <szUnexploredName>Swamp, road</szUnexploredName>
    <szDetailedUnexploredName>Swamp, road</szDetailedUnexploredName>
    <szExploredName>Swamp, road</szExploredName>
    <szDetailedExploredName>Swamp, road</szDetailedExploredName>
    <sWaterType>3</sWaterType>
    <usNaturalDirt>450</usNaturalDirt>
    <usCurfewValue>2</usCurfewValue>
   </SECTOR>
   <SECTOR>
    <SectorGrid>M4</SectorGrid>
    <szUnexploredName>Farmland</szUnexploredName>
    <szDetailedUnexploredName>Farmland</szDetailedUnexploredName>
    <szExploredName>Farmland</szExploredName>
    <szDetailedExploredName>Farmland</szDetailedExploredName>
    <sWaterType>0</sWaterType>
    <usNaturalDirt>175</usNaturalDirt>
    <usCurfewValue>1</usCurfewValue>
   </SECTOR>
   <SECTOR>
    <SectorGrid>M5</SectorGrid>
    <szUnexploredName>Forest, road</szUnexploredName>
    <szDetailedUnexploredName>Forest, road</szDetailedUnexploredName>
    <szExploredName>Forest, road</szExploredName>
    <szDetailedExploredName>Forest, road</szDetailedExploredName>
    <sWaterType>0</sWaterType>
    <usNaturalDirt>160</usNaturalDirt>
    <usCurfewValue>2</usCurfewValue>
   </SECTOR>
   <SECTOR>
    <SectorGrid>M6</SectorGrid>
    <szUnexploredName>Forest, road</szUnexploredName>
    <szDetailedUnexploredName>Forest, road</szDetailedUnexploredName>
    <szExploredName>Forest, road</szExploredName>
    <szDetailedExploredName>Forest, road</szDetailedExploredName>
    <sWaterType>0</sWaterType>
    <usNaturalDirt>160</usNaturalDirt>
    <usCurfewValue>2</usCurfewValue>
   </SECTOR>
   <SECTOR>
    <SectorGrid>M7</SectorGrid>
    <szUnexploredName>Plains</szUnexploredName>
    <szDetailedUnexploredName>Plains</szDetailedUnexploredName>
    <szExploredName>Plains</szExploredName>
    <szDetailedExploredName>Plains</szDetailedExploredName>
    <sWaterType>0</sWaterType>
    <usNaturalDirt>170</usNaturalDirt>
   </SECTOR>
   <SECTOR>
    <SectorGrid>M8</SectorGrid>
    <szUnexploredName>Plains</szUnexploredName>
    <szDetailedUnexploredName>Plains</szDetailedUnexploredName>
    <szExploredName>Plains</szExploredName>
    <szDetailedExploredName>Plains</szDetailedExploredName>
    <sWaterType>0</sWaterType>
    <usNaturalDirt>170</usNaturalDirt>
   </SECTOR>
   <SECTOR>
    <SectorGrid>M9</SectorGrid>
    <szUnexploredName>Plains</szUnexploredName>
    <szDetailedUnexploredName>Plains</szDetailedUnexploredName>
    <szExploredName>Plains</szExploredName>
    <szDetailedExploredName>Plains</szDetailedExploredName>
    <sWaterType>0</sWaterType>
    <usNaturalDirt>170</usNaturalDirt>
   </SECTOR>
   <SECTOR>
    <SectorGrid>M10</SectorGrid>
    <szUnexploredName>Tropical, road</szUnexploredName>
    <szDetailedUnexploredName>Tropical, road</szDetailedUnexploredName>
    <szExploredName>Tropical, road</szExploredName>
    <szDetailedExploredName>Tropical, road</szDetailedExploredName>
    <sWaterType>2</sWaterType>
    <usNaturalDirt>250</usNaturalDirt>
   </SECTOR>
   <SECTOR>
    <SectorGrid>M11</SectorGrid>
    <szUnexploredName>Impassable</szUnexploredName>
    <szDetailedUnexploredName>Impassable</szDetailedUnexploredName>
    <szExploredName>Impassable</szExploredName>
    <szDetailedExploredName>Impassable</szDetailedExploredName>
    <sWaterType>2</sWaterType>
    <usNaturalDirt>100</usNaturalDirt>
   </SECTOR>
   <SECTOR>
    <SectorGrid>M12</SectorGrid>
    <szUnexploredName>Impassable</szUnexploredName>
    <szDetailedUnexploredName>Impassable</szDetailedUnexploredName>
    <szExploredName>Impassable</szExploredName>
    <szDetailedExploredName>Impassable</szDetailedExploredName>
    <sWaterType>2</sWaterType>
    <usNaturalDirt>100</usNaturalDirt>
   </SECTOR>
   <SECTOR>
    <SectorGrid>M13</SectorGrid>
    <szUnexploredName>Woods</szUnexploredName>
    <szDetailedUnexploredName>Woods</szDetailedUnexploredName>
    <szExploredName>Woods</szExploredName>
    <szDetailedExploredName>Woods</szDetailedExploredName>
    <sWaterType>2</sWaterType>
    <usNaturalDirt>200</usNaturalDirt>
   </SECTOR>
   <SECTOR>
    <SectorGrid>M14</SectorGrid>
    <szUnexploredName>Swamp</szUnexploredName>
    <szDetailedUnexploredName>Swamp</szDetailedUnexploredName>
    <szExploredName>Swamp</szExploredName>
    <szDetailedExploredName>Swamp</szDetailedExploredName>
    <sWaterType>3</sWaterType>
    <usNaturalDirt>500</usNaturalDirt>
   </SECTOR>
   <SECTOR>
    <SectorGrid>M15</SectorGrid>
    <szUnexploredName>Unknown</szUnexploredName>
    <szDetailedUnexploredName>Unknown</szDetailedUnexploredName>
    <szExploredName>Unknown</szExploredName>
    <szDetailedExploredName>Unknown</szDetailedExploredName>
    <sWaterType>0</sWaterType>
    <usNaturalDirt>100</usNaturalDirt>
   </SECTOR>
   <SECTOR>
    <SectorGrid>M16</SectorGrid>
    <szUnexploredName>Unknown</szUnexploredName>
    <szDetailedUnexploredName>Unknown</szDetailedUnexploredName>
    <szExploredName>Unknown</szExploredName>
    <szDetailedExploredName>Unknown</szDetailedExploredName>
    <sWaterType>0</sWaterType>
    <usNaturalDirt>100</usNaturalDirt>
   </SECTOR>
   <SECTOR>
    <SectorGrid>N1</SectorGrid>
    <szUnexploredName>Impassable</szUnexploredName>
    <szDetailedUnexploredName>Impassable</szDetailedUnexploredName>
    <szExploredName>Impassable</szExploredName>
    <szDetailedExploredName>Impassable</szDetailedExploredName>
    <sWaterType>2</sWaterType>
    <usNaturalDirt>100</usNaturalDirt>
   </SECTOR>
   <SECTOR>
    <SectorGrid>N2</SectorGrid>
    <szUnexploredName>Impassable</szUnexploredName>
    <szDetailedUnexploredName>Impassable</szDetailedUnexploredName>
    <szExploredName>Impassable</szExploredName>
    <szDetailedExploredName>Impassable</szDetailedExploredName>
    <sWaterType>2</sWaterType>
    <usNaturalDirt>100</usNaturalDirt>
   </SECTOR>
   <SECTOR>
    <SectorGrid>N3</SectorGrid>
    <szUnexploredName>Meduna Airport</szUnexploredName>
    <szDetailedUnexploredName>Meduna Airport</szDetailedUnexploredName>
    <szExploredName>Meduna Airport</szExploredName>
    <szDetailedExploredName>Meduna Airport</szDetailedExploredName>
    <sWaterType>1</sWaterType>
    <usNaturalDirt>100</usNaturalDirt>
    <usCurfewValue>1</usCurfewValue>
    <sRadioScanModifier>2</sRadioScanModifier>
   </SECTOR>
   <SECTOR>
    <SectorGrid>N4</SectorGrid>
    <szUnexploredName>Meduna</szUnexploredName>
    <szDetailedUnexploredName>Meduna</szDetailedUnexploredName>
    <szExploredName>SAM Site</szExploredName>
    <szDetailedExploredName>Meduna, SAM Site</szDetailedExploredName>
    <sWaterType>1</sWaterType>
    <usNaturalDirt>100</usNaturalDirt>
    <usCurfewValue>2</usCurfewValue>
    <sRadioScanModifier>2</sRadioScanModifier>
   </SECTOR>
   <SECTOR>
    <SectorGrid>N5</SectorGrid>
    <szUnexploredName>Meduna</szUnexploredName>
    <szDetailedUnexploredName>Meduna</szDetailedUnexploredName>
    <szExploredName>Meduna</szExploredName>
    <szDetailedExploredName>Meduna</szDetailedExploredName>
    <sWaterType>1</sWaterType>
    <usNaturalDirt>100</usNaturalDirt>
    <usCurfewValue>2</usCurfewValue>
   </SECTOR>
   <SECTOR>
    <SectorGrid>N6</SectorGrid>
    <szUnexploredName>Tropical, road</szUnexploredName>
    <szDetailedUnexploredName>Tropical, road</szDetailedUnexploredName>
    <szExploredName>Tropical, road</szExploredName>
    <szDetailedExploredName>Tropical, road</szDetailedExploredName>
    <sWaterType>0</sWaterType>
    <usNaturalDirt>250</usNaturalDirt>
    <usCurfewValue>2</usCurfewValue>
   </SECTOR>
   <SECTOR>
    <SectorGrid>N7</SectorGrid>
    <szUnexploredName>Coastal, road</szUnexploredName>
    <szDetailedUnexploredName>Coastal, road</szDetailedUnexploredName>
    <szExploredName>Coastal, road</szExploredName>
    <szDetailedExploredName>Coastal, road</szDetailedExploredName>
    <sWaterType>1</sWaterType>
    <usNaturalDirt>140</usNaturalDirt>
    <sRadioScanModifier>1</sRadioScanModifier>
    <usPrisonRoomNumber00>3</usPrisonRoomNumber00>
   </SECTOR>
   <SECTOR>
    <SectorGrid>N8</SectorGrid>
    <szUnexploredName>Coastal, road</szUnexploredName>
    <szDetailedUnexploredName>Coastal, road</szDetailedUnexploredName>
    <szExploredName>Coastal, road</szExploredName>
    <szDetailedExploredName>Coastal, road</szDetailedExploredName>
    <sWaterType>0</sWaterType>
    <usNaturalDirt>140</usNaturalDirt>
   </SECTOR>
   <SECTOR>
    <SectorGrid>N9</SectorGrid>
    <szUnexploredName>Tropical, road</szUnexploredName>
    <szDetailedUnexploredName>Tropical, road</szDetailedUnexploredName>
    <szExploredName>Tropical, road</szExploredName>
    <szDetailedExploredName>Tropical, road</szDetailedExploredName>
    <sWaterType>0</sWaterType>
    <usNaturalDirt>250</usNaturalDirt>
   </SECTOR>
   <SECTOR>
    <SectorGrid>N10</SectorGrid>
    <szUnexploredName>Tropical, road</szUnexploredName>
    <szDetailedUnexploredName>Tropical, road</szDetailedUnexploredName>
    <szExploredName>Tropical, road</szExploredName>
    <szDetailedExploredName>Tropical, road</szDetailedExploredName>
    <sWaterType>2</sWaterType>
    <usNaturalDirt>250</usNaturalDirt>
   </SECTOR>
   <SECTOR>
    <SectorGrid>N11</SectorGrid>
    <szUnexploredName>Impassable</szUnexploredName>
    <szDetailedUnexploredName>Impassable</szDetailedUnexploredName>
    <szExploredName>Impassable</szExploredName>
    <szDetailedExploredName>Impassable</szDetailedExploredName>
    <sWaterType>2</sWaterType>
    <usNaturalDirt>100</usNaturalDirt>
   </SECTOR>
   <SECTOR>
    <SectorGrid>N12</SectorGrid>
    <szUnexploredName>Impassable</szUnexploredName>
    <szDetailedUnexploredName>Impassable</szDetailedUnexploredName>
    <szExploredName>Impassable</szExploredName>
    <szDetailedExploredName>Impassable</szDetailedExploredName>
    <sWaterType>2</sWaterType>
    <usNaturalDirt>100</usNaturalDirt>
   </SECTOR>
   <SECTOR>
    <SectorGrid>N13</SectorGrid>
    <szUnexploredName>Unknown</szUnexploredName>
    <szDetailedUnexploredName>Unknown</szDetailedUnexploredName>
    <szExploredName>Unknown</szExploredName>
    <szDetailedExploredName>Unknown</szDetailedExploredName>
    <sWaterType>0</sWaterType>
    <usNaturalDirt>100</usNaturalDirt>
   </SECTOR>
   <SECTOR>
    <SectorGrid>N14</SectorGrid>
    <szUnexploredName>Unknown</szUnexploredName>
    <szDetailedUnexploredName>Unknown</szDetailedUnexploredName>
    <szExploredName>Unknown</szExploredName>
    <szDetailedExploredName>Unknown</szDetailedExploredName>
    <sWaterType>0</sWaterType>
    <usNaturalDirt>100</usNaturalDirt>
   </SECTOR> 
   <SECTOR>
    <SectorGrid>N15</SectorGrid>
    <szUnexploredName>Unknown</szUnexploredName>
    <szDetailedUnexploredName>Unknown</szDetailedUnexploredName>
    <szExploredName>Unknown</szExploredName>
    <szDetailedExploredName>Unknown</szDetailedExploredName>
    <sWaterType>0</sWaterType>
    <usNaturalDirt>100</usNaturalDirt>
   </SECTOR>
   <SECTOR>
    <SectorGrid>N16</SectorGrid>
    <szUnexploredName>Unknown</szUnexploredName>
    <szDetailedUnexploredName>Unknown</szDetailedUnexploredName>
    <szExploredName>Unknown</szExploredName>
    <szDetailedExploredName>Unknown</szDetailedExploredName>
    <sWaterType>0</sWaterType>
    <usNaturalDirt>100</usNaturalDirt>
   </SECTOR>
   <SECTOR>
    <SectorGrid>O1</SectorGrid>
    <szUnexploredName>Impassable</szUnexploredName>
    <szDetailedUnexploredName>Impassable</szDetailedUnexploredName>
    <szExploredName>Impassable</szExploredName>
    <szDetailedExploredName>Impassable</szDetailedExploredName>
    <sWaterType>2</sWaterType>
    <usNaturalDirt>100</usNaturalDirt>
   </SECTOR>
   <SECTOR>
    <SectorGrid>O2</SectorGrid>
    <szUnexploredName>Impassable</szUnexploredName>
    <szDetailedUnexploredName>Impassable</szDetailedUnexploredName>
    <szExploredName>Impassable</szExploredName>
    <szDetailedExploredName>Impassable</szDetailedExploredName>
    <sWaterType>2</sWaterType>
    <usNaturalDirt>100</usNaturalDirt>
   </SECTOR>
   <SECTOR>
    <SectorGrid>O3</SectorGrid>
    <szUnexploredName>Meduna</szUnexploredName>
    <szDetailedUnexploredName>Meduna</szDetailedUnexploredName>
    <szExploredName>Meduna</szExploredName>
    <szDetailedExploredName>Meduna</szDetailedExploredName>
    <sWaterType>1</sWaterType>
    <usNaturalDirt>100</usNaturalDirt>
    <usCurfewValue>2</usCurfewValue>
   </SECTOR>
   <SECTOR>
    <SectorGrid>O4</SectorGrid>
    <szUnexploredName>Meduna</szUnexploredName>
    <szDetailedUnexploredName>Meduna</szDetailedUnexploredName>
    <szExploredName>Meduna</szExploredName>
    <szDetailedExploredName>Meduna</szDetailedExploredName>
    <sWaterType>1</sWaterType>
    <usNaturalDirt>100</usNaturalDirt>
    <usCurfewValue>1</usCurfewValue>
   </SECTOR>
   <SECTOR>
    <SectorGrid>O5</SectorGrid>
    <szUnexploredName>Impassable</szUnexploredName>
    <szDetailedUnexploredName>Impassable</szDetailedUnexploredName>
    <szExploredName>Impassable</szExploredName>
    <szDetailedExploredName>Impassable</szDetailedExploredName>
    <sWaterType>2</sWaterType>
    <usNaturalDirt>100</usNaturalDirt>
   </SECTOR>
   <SECTOR>
    <SectorGrid>O6</SectorGrid>
    <szUnexploredName>Impassable</szUnexploredName>
    <szDetailedUnexploredName>Impassable</szDetailedUnexploredName>
    <szExploredName>Impassable</szExploredName>
    <szDetailedExploredName>Impassable</szDetailedExploredName>
    <sWaterType>2</sWaterType>
    <usNaturalDirt>100</usNaturalDirt>
   </SECTOR>
   <SECTOR>
    <SectorGrid>O7</SectorGrid>
    <szUnexploredName>Impassable</szUnexploredName>
    <szDetailedUnexploredName>Impassable</szDetailedUnexploredName>
    <szExploredName>Impassable</szExploredName>
    <szDetailedExploredName>Impassable</szDetailedExploredName>
    <sWaterType>2</sWaterType>
    <usNaturalDirt>100</usNaturalDirt>
   </SECTOR>
   <SECTOR>
    <SectorGrid>O8</SectorGrid>
    <szUnexploredName>Tropical</szUnexploredName>
    <szDetailedUnexploredName>Tropical</szDetailedUnexploredName>
    <szExploredName>Tropical</szExploredName>
    <szDetailedExploredName>Tropical</szDetailedExploredName>
    <sWaterType>2</sWaterType>
    <usNaturalDirt>300</usNaturalDirt>
   </SECTOR>
   <SECTOR>
    <SectorGrid>O9</SectorGrid>
    <szUnexploredName>Tropical</szUnexploredName>
    <szDetailedUnexploredName>Tropical</szDetailedUnexploredName>
    <szExploredName>Tropical</szExploredName>
    <szDetailedExploredName>Tropical</szDetailedExploredName>
    <sWaterType>2</sWaterType>
    <usNaturalDirt>300</usNaturalDirt>
   </SECTOR>
   <SECTOR>
    <SectorGrid>O10</SectorGrid>
    <szUnexploredName>Impassable</szUnexploredName>
    <szDetailedUnexploredName>Impassable</szDetailedUnexploredName>
    <szExploredName>Impassable</szExploredName>
    <szDetailedExploredName>Impassable</szDetailedExploredName>
    <sWaterType>2</sWaterType>
    <usNaturalDirt>100</usNaturalDirt>
   </SECTOR>
   <SECTOR>
    <SectorGrid>O11</SectorGrid>
    <szUnexploredName>Impassable</szUnexploredName>
    <szDetailedUnexploredName>Impassable</szDetailedUnexploredName>
    <szExploredName>Impassable</szExploredName>
    <szDetailedExploredName>Impassable</szDetailedExploredName>
    <sWaterType>2</sWaterType>
    <usNaturalDirt>100</usNaturalDirt>
   </SECTOR>
   <SECTOR>
    <SectorGrid>O12</SectorGrid>
    <szUnexploredName>Impassable</szUnexploredName>
    <szDetailedUnexploredName>Impassable</szDetailedUnexploredName>
    <szExploredName>Impassable</szExploredName>
    <szDetailedExploredName>Impassable</szDetailedExploredName>
    <sWaterType>2</sWaterType>
    <usNaturalDirt>100</usNaturalDirt>
   </SECTOR>
   <SECTOR>
    <SectorGrid>O13</SectorGrid>
    <szUnexploredName>Impassable</szUnexploredName>
    <szDetailedUnexploredName>Impassable</szDetailedUnexploredName>
    <szExploredName>Impassable</szExploredName>
    <szDetailedExploredName>Impassable</szDetailedExploredName>
    <sWaterType>2</sWaterType>
    <usNaturalDirt>100</usNaturalDirt>
   </SECTOR>
   <SECTOR>
    <SectorGrid>O14</SectorGrid>
    <szUnexploredName>Unknown</szUnexploredName>
    <szDetailedUnexploredName>Unknown</szDetailedUnexploredName>
    <szExploredName>Unknown</szExploredName>
    <szDetailedExploredName>Unknown</szDetailedExploredName>
    <sWaterType>2</sWaterType>
    <usNaturalDirt>100</usNaturalDirt>
   </SECTOR>
   <SECTOR>
    <SectorGrid>O15</SectorGrid>
    <szUnexploredName>Unknown</szUnexploredName>
    <szDetailedUnexploredName>Unknown</szDetailedUnexploredName>
    <szExploredName>Unknown</szExploredName>
    <szDetailedExploredName>Unknown</szDetailedExploredName>
    <sWaterType>0</sWaterType>
    <usNaturalDirt>100</usNaturalDirt>
   </SECTOR>
   <SECTOR>
    <SectorGrid>O16</SectorGrid>
    <szUnexploredName>Unknown</szUnexploredName>
    <szDetailedUnexploredName>Unknown</szDetailedUnexploredName>
    <szExploredName>Unknown</szExploredName>
    <szDetailedExploredName>Unknown</szDetailedExploredName>
    <sWaterType>0</sWaterType>
    <usNaturalDirt>100</usNaturalDirt>
   </SECTOR>
   <SECTOR>
    <SectorGrid>P1</SectorGrid>
    <szUnexploredName>Impassable</szUnexploredName>
    <szDetailedUnexploredName>Impassable</szDetailedUnexploredName>
    <szExploredName>Impassable</szExploredName>
    <szDetailedExploredName>Impassable</szDetailedExploredName>
    <sWaterType>2</sWaterType>
    <usNaturalDirt>100</usNaturalDirt>
   </SECTOR>
   <SECTOR>
    <SectorGrid>P2</SectorGrid>
    <szUnexploredName>Impassable</szUnexploredName>
    <szDetailedUnexploredName>Impassable</szDetailedUnexploredName>
    <szExploredName>Impassable</szExploredName>
    <szDetailedExploredName>Impassable</szDetailedExploredName>
    <sWaterType>2</sWaterType>
    <usNaturalDirt>100</usNaturalDirt>
   </SECTOR>
   <SECTOR>
    <SectorGrid>P3</SectorGrid>
    <szUnexploredName>Meduna</szUnexploredName>
    <szDetailedUnexploredName>Meduna</szDetailedUnexploredName>
    <szExploredName>Meduna</szExploredName>
    <szDetailedExploredName>Meduna</szDetailedExploredName>
    <sWaterType>1</sWaterType>
    <usNaturalDirt>100</usNaturalDirt>
    <usCurfewValue>2</usCurfewValue>
   </SECTOR>
   <SECTOR>
    <SectorGrid>P4</SectorGrid>
    <szUnexploredName>Impassable</szUnexploredName>
    <szDetailedUnexploredName>Impassable</szDetailedUnexploredName>
    <szExploredName>Impassable</szExploredName>
    <szDetailedExploredName>Impassable</szDetailedExploredName>
    <sWaterType>2</sWaterType>
    <usNaturalDirt>100</usNaturalDirt>
   </SECTOR>
   <SECTOR>
    <SectorGrid>P5</SectorGrid>
    <szUnexploredName>Impassable</szUnexploredName>
    <szDetailedUnexploredName>Impassable</szDetailedUnexploredName>
    <szExploredName>Impassable</szExploredName>
    <szDetailedExploredName>Impassable</szDetailedExploredName>
    <sWaterType>2</sWaterType>
    <usNaturalDirt>100</usNaturalDirt>
   </SECTOR>
   <SECTOR>
    <SectorGrid>P6</SectorGrid>
    <szUnexploredName>Impassable</szUnexploredName>
    <szDetailedUnexploredName>Impassable</szDetailedUnexploredName>
    <szExploredName>Impassable</szExploredName>
    <szDetailedExploredName>Impassable</szDetailedExploredName>
    <sWaterType>2</sWaterType>
    <usNaturalDirt>100</usNaturalDirt>
   </SECTOR>
   <SECTOR>
    <SectorGrid>P7</SectorGrid>
    <szUnexploredName>Impassable</szUnexploredName>
    <szDetailedUnexploredName>Impassable</szDetailedUnexploredName>
    <szExploredName>Impassable</szExploredName>
    <szDetailedExploredName>Impassable</szDetailedExploredName>
    <sWaterType>2</sWaterType>
    <usNaturalDirt>100</usNaturalDirt>
   </SECTOR>
   <SECTOR>
    <SectorGrid>P8</SectorGrid>
    <szUnexploredName>Impassable</szUnexploredName>
    <szDetailedUnexploredName>Impassable</szDetailedUnexploredName>
    <szExploredName>Impassable</szExploredName>
    <szDetailedExploredName>Impassable</szDetailedExploredName>
    <sWaterType>2</sWaterType>
    <usNaturalDirt>100</usNaturalDirt>
   </SECTOR>
   <SECTOR>
    <SectorGrid>P9</SectorGrid>
    <szUnexploredName>Impassable</szUnexploredName>
    <szDetailedUnexploredName>Impassable</szDetailedUnexploredName>
    <szExploredName>Impassable</szExploredName>
    <szDetailedExploredName>Impassable</szDetailedExploredName>
    <sWaterType>2</sWaterType>
    <usNaturalDirt>100</usNaturalDirt>
   </SECTOR>
   <SECTOR>
    <SectorGrid>P10</SectorGrid>
    <szUnexploredName>Impassable</szUnexploredName>
    <szDetailedUnexploredName>Impassable</szDetailedUnexploredName>
    <szExploredName>Impassable</szExploredName>
    <szDetailedExploredName>Impassable</szDetailedExploredName>
    <sWaterType>2</sWaterType>
    <usNaturalDirt>100</usNaturalDirt>
   </SECTOR>
   <SECTOR>
    <SectorGrid>P11</SectorGrid>
    <szUnexploredName>Impassable</szUnexploredName>
    <szDetailedUnexploredName>Impassable</szDetailedUnexploredName>
    <szExploredName>Impassable</szExploredName>
    <szDetailedExploredName>Impassable</szDetailedExploredName>
    <sWaterType>2</sWaterType>
    <usNaturalDirt>100</usNaturalDirt>
   </SECTOR>
   <SECTOR>
    <SectorGrid>P12</SectorGrid>
    <szUnexploredName>Impassable</szUnexploredName>
    <szDetailedUnexploredName>Impassable</szDetailedUnexploredName>
    <szExploredName>Impassable</szExploredName>
    <szDetailedExploredName>Impassable</szDetailedExploredName>
    <sWaterType>2</sWaterType>
    <usNaturalDirt>100</usNaturalDirt>
   </SECTOR>
   <SECTOR>
    <SectorGrid>P13</SectorGrid>
    <szUnexploredName>Impassable</szUnexploredName>
    <szDetailedUnexploredName>Impassable</szDetailedUnexploredName>
    <szExploredName>Impassable</szExploredName>
    <szDetailedExploredName>Impassable</szDetailedExploredName>
    <sWaterType>2</sWaterType>
    <usNaturalDirt>100</usNaturalDirt>
   </SECTOR>
   <SECTOR>
    <SectorGrid>P14</SectorGrid>
    <szUnexploredName>Unknown</szUnexploredName>
    <szDetailedUnexploredName>Unknown</szDetailedUnexploredName>
    <szExploredName>Unknown</szExploredName>
    <szDetailedExploredName>Unknown</szDetailedExploredName>
    <sWaterType>2</sWaterType>
    <usNaturalDirt>100</usNaturalDirt>
   </SECTOR>
   <SECTOR>
    <SectorGrid>P15</SectorGrid>
    <szUnexploredName>Unknown</szUnexploredName>
    <szDetailedUnexploredName>Unknown</szDetailedUnexploredName>
    <szExploredName>Unknown</szExploredName>
    <szDetailedExploredName>Unknown</szDetailedExploredName>
    <sWaterType>0</sWaterType>
    <usNaturalDirt>100</usNaturalDirt>
   </SECTOR>
   <SECTOR>
    <SectorGrid>P16</SectorGrid>
    <szUnexploredName>Unknown</szUnexploredName>
    <szDetailedUnexploredName>Unknown</szDetailedUnexploredName>
    <szExploredName>Unknown</szExploredName>
    <szDetailedExploredName>Unknown</szDetailedExploredName>
    <sWaterType>0</sWaterType>
    <usNaturalDirt>100</usNaturalDirt>
   </SECTOR>
</SECTOR_NAMES>