﻿<?xml version="1.0" encoding="utf-8"?>

<!--
Name - name of mission
Hidden : 1 - hidden mission. Accessible mission after complete of the previous mission; 0 - displayed mission. First mission has to be visible; 

MaxPages - the quantity of pages. The amount of used records from the file "missionX.edt".
MaxImages - the quantity of pictures. 
ImagePositionX - position X of all pictures
ImagePositionY - position Y of all pictures
NextMission - After the mission complete, activate the next mission. Write number ID of the next mission.
-->

<BRIEFINGROOM>
		<!-- Mission 1 -->
	<DATA>
		<uiIndex>0</uiIndex>
		<Name>Mission 1 :</Name>
		<Hidden>0</Hidden>
		<MaxPages>8</MaxPages>
		<MaxImages>2</MaxImages>
		<ImagePositionX>120</ImagePositionX>
		<ImagePositionY>55</ImagePositionY>
		<NextMission>1</NextMission>
	</DATA>
		<!-- Mission 2 -->
	<DATA>
		<uiIndex>1</uiIndex>
		<Name>Mission 2 :</Name>
		<Hidden>0</Hidden>
		<MaxPages>1</MaxPages>	
		<MaxImages>0</MaxImages>
		<ImagePositionX>90</ImagePositionX>
		<ImagePositionY>55</ImagePositionY>
		<NextMission>2</NextMission>
	</DATA>
		<!-- Mission 3 -->
	<DATA>
		<uiIndex>2</uiIndex>
		<Name>Mission 3 :</Name>
		<Hidden>0</Hidden>
		<MaxPages>1</MaxPages>	
		<MaxImages>0</MaxImages>
		<ImagePositionX>90</ImagePositionX>
		<ImagePositionY>55</ImagePositionY>
		<NextMission>3</NextMission>
	</DATA>
		<!-- Mission 4 -->
	<DATA>
		<uiIndex>3</uiIndex>
		<Name>Mission 4 :</Name>
		<Hidden>0</Hidden>
		<MaxPages>1</MaxPages>	
		<MaxImages>0</MaxImages>
		<ImagePositionX>90</ImagePositionX>
		<ImagePositionY>55</ImagePositionY>
		<NextMission>4</NextMission>
	</DATA>
		<!-- Mission 5 -->
	<DATA>
		<uiIndex>4</uiIndex>
		<Name>Mission 5 :</Name>
		<Hidden>0</Hidden>
		<MaxPages>1</MaxPages>	
		<MaxImages>0</MaxImages>
		<ImagePositionX>90</ImagePositionX>
		<ImagePositionY>55</ImagePositionY>
		<NextMission>-1</NextMission>
	</DATA>
</BRIEFINGROOM>